Latitude,Longitude,Depth
-28.79,-69.95,110
-31.39,-70.77,104
-24.37,-67.27,199
-18.38,-69.26,138
-20.88,-69.04,108
-20.75,-69.20,105
-24.06,-67.38,234
-30.69,-69.07,120
-24.09,-67.22,245
-30.73,-71.44,46
-31.68,-69.48,114
-24.11,-67.39,250
-24.08,-67.04,233
-21.06,-68.98,111
-21.72,-68.56,126
-23.24,-69.16,83
-33.87,-70.97,68
-21.95,-68.64,121
-23.95,-66.95,207
-32.18,-70.14,120
-14.37,-75.55,86
-20.89,-67.30,189
-35.10,-63.43,159
-24.03,-67.23,247
0.20,-80.15,3
-2.44,-79.40,39
-27.91,-66.76,163
-34.33,-70.56,116
-30.46,-71.31,73
-33.51,-70.27,108
-22.27,-70.16,69
-30.99,-71.49,33
-30.05,-72.68,15
-22.97,-68.89,93
-20.00,-69.16,96
-19.96,-69.19,99
3.30,-83.06,10
-22.31,-67.53,171
-24.00,-67.20,187
-21.56,-68.58,126
-23.93,-67.20,233
-2.84,-77.62,2
-23.43,-66.84,202
-20.79,-69.72,58
-36.69,-73.12,35
-31.11,-67.64,84
-15.80,-71.88,11
-29.60,-71.27,69
-23.18,-69.91,79
-30.61,-71.45,54
-21.79,-68.71,105
-25.81,-70.41,59
-29.44,-68.71,10
-19.40,-69.55,80
-30.71,-71.38,61
-21.93,-68.73,125
-32.72,-71.62,35
-22.78,-70.65,22
-21.48,-70.48,38
-21.20,-68.66,118
-33.78,-70.84,85
6.00,-73.17,177
-33.14,-70.55,100
5.28,-73.74,149
-15.90,-74.59,44
-30.68,-71.69,36
-24.14,-67.57,210
-21.92,-68.43,127
-24.01,-67.32,239
-31.32,-68.70,109
-32.07,-66.89,24
-29.62,-68.21,100
-0.68,-80.17,5
-17.75,-69.65,154
-21.18,-68.85,143
-33.59,-70.31,20
-3.39,-80.04,84
-15.09,-73.44,117
-32.05,-71.54,44
-35.70,-73.55,21
-35.71,-73.50,22
-27.02,-70.69,36
-30.83,-71.51,47
-21.16,-68.91,110
-21.21,-68.69,125
-27.63,-70.21,88
-22.17,-67.14,159
-30.75,-71.50,51
-20.78,-70.50,32
-36.92,-73.60,22
-21.61,-68.37,123
-20.86,-68.87,98
-20.80,-70.54,30
-9.95,-75.68,12
-20.66,-68.84,112
-32.15,-71.08,74
-21.21,-70.58,8
-19.69,-69.73,75
-30.65,-71.29,65
-29.82,-71.57,38
-24.27,-67.67,224
-9.02,-79.28,41
-29.82,-71.67,32
-27.61,-67.58,148
-21.95,-68.69,102
-24.09,-66.71,184
-21.08,-68.69,119
-33.33,-73.01,27
-35.44,-71.43,84
-34.85,-73.51,37
-24.07,-67.47,199
-22.42,-67.88,179
-32.11,-71.29,35
0.86,-79.57,5
-24.29,-67.23,198
-34.88,-71.07,106
-22.93,-64.94,10
-23.39,-66.90,223
-24.64,-69.99,64
-36.76,-70.77,143
-29.50,-71.69,30
-31.38,-71.86,52
-18.17,-70.02,113
-21.10,-68.53,131
-22.26,-67.78,214
-18.60,-69.94,88
-22.16,-68.68,120
-32.91,-72.18,38
-4.30,-78.01,27
-32.93,-72.16,20
-24.26,-67.21,188
-32.89,-72.18,20
-22.81,-66.34,273
-15.81,-73.38,43
-23.06,-66.84,225
-27.00,-71.13,55
-23.40,-66.80,219
-30.90,-71.33,55
-21.42,-68.63,130
-21.67,-66.91,240
-20.41,-68.92,106
-32.23,-71.61,46
-23.90,-67.16,243
-2.19,-78.04,86
-20.45,-69.22,109
-4.86,-80.85,32
-22.99,-68.80,96
-24.21,-67.67,206
-30.27,-71.64,35
-1.87,-78.63,5
-27.56,-66.65,66
-18.00,-70.00,82
-27.52,-71.21,15
-22.65,-70.31,48
-29.78,-71.65,32
-23.88,-69.79,72
-29.68,-71.17,58
-31.25,-68.72,111
-9.16,-79.63,35
-28.11,-69.22,128
-28.45,-67.47,143
-28.06,-66.85,160
-20.65,-69.06,113
-21.18,-68.79,118
-4.20,-80.28,80
-4.31,-80.57,50
-27.40,-71.52,15
-30.90,-71.22,52
-4.72,-81.81,10
-22.56,-66.21,251
-23.91,-66.87,220
-4.84,-80.98,10
-3.24,-77.68,119
-11.35,-78.47,33
-20.86,-69.15,108
-1.67,-78.19,170
-31.55,-69.49,110
-19.34,-69.38,107
-31.84,-69.55,118
-9.50,-75.52,18
-24.52,-69.18,97
-31.23,-72.74,20
-28.67,-69.89,101
-32.03,-71.64,31
-15.22,-75.96,34
-23.80,-67.02,229
-30.59,-71.40,30
-24.09,-66.86,244
-3.75,-79.84,46
3.33,-84.17,10
-28.94,-71.31,55
-18.64,-71.11,30
-31.83,-71.99,24
-34.56,-74.22,20
-21.07,-68.76,117
-24.02,-67.59,175
-22.67,-67.78,165
-30.88,-71.33,73
-21.05,-69.00,110
-34.76,-72.12,10
-34.17,-74.05,7
-1.83,-78.79,1
-31.57,-68.14,107
-21.55,-68.49,163
-17.34,-69.32,153
-31.31,-68.81,112
-27.90,-71.25,48
-1.80,-78.79,10
-22.50,-66.28,275
-22.27,-68.66,111
-23.93,-67.37,252
-23.02,-66.48,255
-27.50,-69.25,113
-21.86,-68.56,127
-21.88,-68.67,128
-24.21,-67.41,207
-22.18,-68.67,128
-17.19,-69.50,161
-31.52,-71.56,44
-24.11,-69.23,94
-18.59,-69.26,125
-21.23,-68.87,127
-17.01,-70.36,176
-31.45,-69.43,122
-31.73,-69.29,114
-16.10,-74.25,40
-30.19,-71.36,60
-30.63,-72.12,20
-21.95,-68.71,102
-14.55,-76.39,15
-20.43,-69.12,92
5.50,-76.58,501
-25.45,-69.85,72
-29.39,-70.88,77
-29.35,-70.89,72
3.87,-78.75,10
-22.44,-65.99,261
-17.61,-69.85,167
-30.77,-71.38,51
-32.38,-71.80,20
-3.45,-80.87,10
-29.65,-71.28,69
-18.45,-70.10,79
-30.15,-71.31,67
-4.16,-80.48,14
-16.45,-71.72,21
-32.80,-69.83,20
-12.89,-77.24,19
-20.84,-69.17,108
-25.88,-70.85,40
-9.43,-75.97,14
-9.38,-75.92,12
-9.42,-75.93,10
-23.14,-69.27,75
-6.99,-80.37,40
-29.45,-71.34,37
-29.31,-69.81,119
-32.31,-71.87,24
-27.93,-71.22,22
0.42,-81.61,10
-32.48,-69.97,103
-9.21,-75.81,10
-21.88,-68.41,116
-20.15,-68.30,194
-29.94,-71.72,57
-21.11,-68.94,112
-33.65,-71.72,46
-22.26,-68.68,126
-22.62,-67.92,190
-19.37,-69.44,99
-30.14,-72.05,30
-30.51,-71.70,26
-31.95,-71.55,40
-21.84,-68.68,128
-22.71,-66.24,277
-20.52,-68.60,122
-29.27,-71.26,47
-21.05,-68.98,109
-21.97,-70.48,15
-23.91,-67.23,275
-32.36,-70.22,112
-15.83,-71.88,11
-24.25,-67.16,182
-21.25,-68.81,118
-9.85,-75.57,18
-29.98,-71.56,27
-21.04,-68.99,108
-33.02,-72.30,25
-31.30,-71.75,26
-31.80,-70.16,144
-21.93,-68.62,126
-3.90,-80.58,14
-24.18,-67.22,185
-29.69,-71.30,51
-23.91,-67.43,207
-24.25,-67.48,231
-21.99,-68.66,132
-32.57,-71.55,33
-24.24,-67.08,190
-26.96,-69.47,112
-2.47,-77.95,125
-21.06,-68.88,112
-33.58,-67.69,205
-20.97,-67.82,200
-19.30,-70.28,79
-22.17,-68.80,118
-23.95,-67.25,241
-24.17,-67.26,228
0.27,-77.39,5
-11.81,-76.94,93
-24.20,-67.52,206
-23.63,-67.99,160
-24.37,-70.03,70
-3.93,-75.98,112
-29.19,-71.31,50
-23.85,-67.18,245
-19.23,-69.43,100
-21.16,-68.95,110
6.17,-82.53,10
-1.49,-80.94,5
-23.77,-66.56,239
-21.49,-68.47,146
-12.48,-77.18,33
-23.24,-69.55,89
-20.32,-69.13,97
-21.42,-70.53,52
-11.32,-73.38,30
-27.76,-64.61,10
-36.13,-74.97,18
-22.79,-66.84,240
-21.47,-68.60,132
-24.15,-67.43,218
-21.08,-68.42,146
-28.24,-67.50,125
-19.20,-69.20,112
-21.21,-68.72,116
-28.59,-71.00,36
-20.65,-69.11,94
-23.34,-67.21,238
-24.03,-67.17,240
-21.18,-68.83,114
-16.83,-72.79,57
-21.14,-68.83,105
-29.93,-71.69,34
-18.39,-69.84,84
-29.99,-71.92,27
-16.12,-73.71,40
-23.11,-66.48,220
-20.26,-69.95,42
-23.48,-68.34,120
-24.15,-66.92,199
-31.32,-68.59,115
-30.09,-72.05,35
-20.57,-68.86,110
-28.36,-71.20,36
-30.06,-71.99,35
-33.94,-70.80,90
-31.46,-72.63,2
-29.98,-71.94,48
-31.66,-71.63,26
-27.60,-71.17,15
-29.95,-72.05,19
-36.43,-73.00,32
-22.64,-66.33,269
-30.10,-72.14,35
-30.10,-72.07,33
-28.41,-67.39,129
-21.52,-66.83,236
-28.75,-70.74,28
-21.77,-68.56,115
-21.64,-68.44,126
-30.17,-72.10,34
-23.95,-67.30,246
-29.96,-72.08,10
-19.60,-69.24,106
-4.05,-77.01,105
-31.89,-65.11,10
-29.95,-72.03,27
-20.12,-69.22,91
-29.93,-72.04,21
-22.09,-68.80,114
-30.26,-71.64,50
-29.95,-72.05,19
-30.19,-72.05,18
-30.19,-71.27,68
-29.97,-71.89,32
-29.94,-72.07,24
-28.58,-69.50,124
-29.94,-72.05,19
-24.20,-67.03,195
-20.87,-69.16,110
-23.07,-68.00,164
-31.00,-71.32,65
-30.04,-72.12,35
-22.39,-68.62,120
-30.20,-72.09,44
-36.91,-71.86,98
-30.21,-72.08,32
-29.96,-72.03,37
-19.48,-70.59,15
-30.19,-72.12,39
-30.02,-72.04,38
-30.11,-72.14,40
-30.06,-72.13,40
-30.03,-72.06,15
-32.98,-70.72,85
-30.98,-71.37,66
-30.10,-72.11,39
-30.13,-72.15,10
-28.76,-71.47,37
-19.83,-69.06,110
-30.10,-72.08,39
-30.10,-72.13,41
-30.09,-72.06,42
-30.11,-72.04,35
-30.05,-72.09,38
-30.11,-72.30,10
-30.41,-71.39,49
-31.25,-68.73,125
-21.27,-68.93,114
-33.20,-72.04,36
-17.29,-70.89,29
-28.71,-71.25,60
-23.35,-66.89,217
-24.04,-67.52,229
-24.23,-67.46,223
-24.18,-67.49,208
-20.00,-70.99,35
-24.22,-67.24,181
-15.77,-72.11,14
-19.76,-66.99,232
-21.73,-68.78,104
-31.87,-70.11,138
-12.31,-77.36,31
-2.62,-79.66,21
-31.13,-71.72,34
-31.14,-71.68,29
-30.66,-68.20,26
-22.51,-66.27,265
-23.99,-67.46,214
-1.27,-77.71,170
-28.23,-67.26,163
-21.94,-68.61,131
-20.67,-68.93,101
-3.91,-80.24,66
-24.15,-67.43,210
-27.50,-69.16,114
-21.78,-68.75,118
-21.84,-69.28,83
-32.11,-72.18,29
-11.80,-77.75,44
-18.90,-70.38,65
-6.85,-78.24,16
-15.73,-74.54,55
-30.54,-71.26,67
-24.23,-67.41,223
-30.86,-71.55,70
-27.56,-69.34,98
-22.12,-68.63,127
-29.21,-70.25,89
-32.48,-70.19,116
-30.02,-71.78,31
-22.39,-68.53,100
-31.96,-71.22,55
-31.95,-71.29,60
-21.51,-69.76,49
-22.58,-68.83,108
-29.58,-71.91,42
-24.13,-66.88,227
0.72,-77.87,3
-21.37,-67.45,195
-27.30,-71.31,10
-20.40,-69.11,110
-24.23,-67.36,209
-32.27,-69.97,145
-30.79,-71.18,43
-32.05,-71.44,50
-10.66,-75.41,10
-33.66,-72.05,29
-19.55,-69.39,114
-24.02,-66.93,190
-16.73,-70.84,23
-21.49,-67.92,170
-32.64,-72.03,29
-6.21,-80.99,30
-9.87,-78.78,29
-21.80,-68.62,120
-31.04,-72.19,20
-22.23,-68.54,111
-24.02,-67.14,137
-8.53,-77.86,18
-30.27,-71.63,37
-28.55,-71.30,48
-34.59,-73.40,34
-31.01,-69.99,133
-20.89,-69.07,115
-22.22,-68.69,118
-24.27,-67.44,206
-12.74,-76.84,44
-9.43,-77.59,15
0.42,-78.06,5
-2.60,-79.68,17
-9.42,-77.61,15
-22.85,-68.56,117
2.09,-84.44,10
-24.16,-67.39,229
-24.11,-67.24,168
-21.30,-68.81,119
-21.76,-68.66,106
-32.24,-72.88,24
-21.61,-68.47,122
-35.99,-71.74,92
-22.02,-68.53,125
-34.93,-71.85,43
-18.10,-70.74,66
-24.20,-67.23,181
-22.43,-69.06,100
-30.30,-71.33,24
-20.01,-69.09,104
-30.33,-72.04,20
-32.14,-71.89,40
-31.30,-70.51,124
-32.15,-71.74,32
-29.58,-70.89,69
-21.81,-68.68,114
-24.08,-67.01,195
-15.71,-71.92,10
-21.15,-68.56,131
-32.15,-71.74,30
-32.15,-71.73,21
-23.93,-67.21,245
-24.11,-67.19,200
-20.52,-68.99,105
-23.71,-67.40,215
-23.68,-66.76,475
-32.73,-71.43,60
-35.01,-72.45,30
-17.57,-70.93,38
-9.46,-77.61,18
-17.94,-69.57,136
-23.88,-67.10,230
-27.25,-71.44,15
-16.30,-73.53,24
-32.28,-71.77,20
-34.56,-73.42,26
-15.73,-71.82,17
-17.54,-70.67,121
-23.30,-68.65,104
-28.01,-66.55,192
-21.93,-68.80,118
-21.46,-68.97,92
-23.70,-69.28,87
-21.19,-68.55,128
-10.85,-73.57,30
-21.23,-68.91,115
-22.55,-68.54,111
-14.39,-71.18,26
-15.68,-71.89,13
-27.12,-70.91,35
-6.88,-78.58,14
-23.92,-64.37,503
-4.27,-80.57,25
-29.69,-71.31,59
-22.34,-68.93,100
-23.48,-68.98,104
-12.10,-77.37,41
-24.29,-67.83,271
-10.46,-74.85,130
-23.93,-67.18,225
-27.58,-67.58,155
-16.16,-74.35,25
-28.95,-66.62,10
-32.64,-71.83,33
-2.03,-81.35,5
-21.65,-68.56,125
-15.74,-71.93,10
-3.08,-78.00,5
-18.71,-69.44,125
-18.74,-69.29,114
-23.31,-68.19,120
-21.14,-68.93,116
-15.15,-72.13,105
-33.11,-71.86,32
-23.42,-67.30,230
-15.15,-75.70,31
-15.18,-75.85,35
-33.42,-72.38,39
-15.05,-75.75,18
-15.10,-75.70,23
0.35,-80.81,10
-33.43,-72.36,33
0.87,-79.23,5
-19.14,-69.49,116
-23.49,-68.71,85
-12.12,-76.46,72
-34.68,-70.92,101
-4.68,-75.14,147
-21.53,-66.74,240
-30.21,-71.22,55
-21.17,-68.75,123
-21.27,-70.04,38
-1.39,-80.60,3
-18.81,-69.69,91
-15.72,-71.77,10
-17.86,-69.65,149
-1.45,-78.46,2
-1.43,-78.47,6
-33.58,-70.31,18
-0.17,-78.49,5
-0.18,-78.50,1
-0.17,-78.50,5
-30.27,-71.25,46
-32.15,-68.55,129
-21.03,-68.34,140
-15.73,-71.92,10
-0.16,-78.52,3
-0.18,-78.52,4
-8.91,-74.54,148
-19.93,-69.32,85
-20.84,-69.17,108
-29.25,-71.38,35
-23.94,-67.23,224
-34.97,-73.91,22
-15.73,-75.02,15
-12.42,-77.60,27
-20.56,-68.94,102
-24.18,-67.00,197
-23.20,-66.78,215
-28.67,-70.81,112
-30.64,-71.71,25
-32.26,-71.45,72
-33.02,-72.03,20
-23.05,-66.65,230
-20.53,-70.18,36
-23.79,-68.77,104
-30.21,-71.26,40
-6.02,-79.94,15
-17.11,-70.67,15
-22.73,-66.23,265
-9.47,-79.10,30
-15.91,-71.78,11
-20.81,-69.14,104
-35.91,-70.27,192
-32.21,-71.19,86
-19.30,-69.37,104
-25.99,-69.06,138
-31.61,-71.41,55
-13.23,-75.05,82
-4.02,-80.33,22
-19.07,-69.56,94
-33.20,-70.62,98
-24.39,-67.55,200
-30.62,-71.20,49
-30.40,-71.44,11
-21.11,-68.96,112
-0.95,-79.24,87
-32.89,-70.58,97
-36.23,-73.66,13
-31.91,-69.17,132
-24.22,-67.50,211
-8.58,-79.55,40
-21.16,-68.93,118
-21.09,-68.96,109
-19.99,-69.27,88
-29.85,-71.54,38
-6.49,-80.96,29
-20.03,-69.14,94
-20.29,-68.81,117
-21.46,-68.45,129
-21.84,-68.54,130
-30.22,-71.20,50
-24.46,-68.17,157
-19.89,-69.72,50
0.24,-79.97,5
-16.41,-72.43,76
-12.79,-77.03,53
-25.58,-70.65,43
-35.34,-71.27,96
-23.91,-66.76,228
-30.71,-71.38,38
-15.72,-72.11,11
-22.47,-70.59,40
-29.47,-68.33,136
-34.79,-71.82,48
-33.85,-73.14,30
-2.56,-77.74,92
-1.98,-80.09,31
-33.09,-70.76,83
-32.92,-69.00,9
-19.11,-69.57,122
-22.45,-66.06,254
-23.31,-67.97,160
-8.93,-80.26,22
-34.31,-70.53,110
-31.71,-72.14,38
-22.85,-68.73,120
-30.47,-71.38,60
-20.68,-69.05,117
-16.01,-71.98,45
-16.79,-71.30,18
-20.52,-70.31,34
-33.68,-72.92,31
-23.17,-66.64,179
-24.24,-67.22,223
-22.22,-68.65,120
-23.45,-69.19,89
-31.50,-70.35,118
-32.31,-71.80,29
-35.08,-72.62,11
-35.06,-72.77,12
-31.51,-70.21,95
-29.79,-69.57,118
-22.40,-66.27,257
-22.04,-68.73,111
-23.73,-67.49,240
3.60,-74.18,2
-31.69,-72.14,38
-21.10,-68.55,128
-16.41,-72.09,15
-31.75,-70.41,124
2.40,-84.20,10
-23.96,-67.09,200
-23.92,-67.96,127
-24.28,-67.06,176
-13.68,-71.72,12
-30.41,-71.22,68
-23.91,-66.82,197
-28.01,-71.32,44
-31.68,-72.16,38
-21.12,-68.70,129
-20.16,-69.27,107
-9.87,-74.78,20
-24.26,-67.22,190
-30.26,-71.17,59
-28.14,-67.63,244
-31.70,-69.83,129
-24.04,-67.27,237
5.14,-76.61,72
-5.01,-75.25,48
-32.64,-70.14,121
-33.31,-70.34,98
-8.94,-79.12,59
-25.64,-69.41,7
-23.18,-68.92,98
-21.55,-69.88,19
-36.55,-71.55,10
-19.83,-70.37,90
-31.69,-69.63,116
-14.54,-70.98,13
-36.92,-72.02,89
-21.97,-68.72,108
-14.39,-70.95,32
-20.91,-69.19,107
-21.85,-68.71,113
-23.92,-67.25,234
-24.27,-67.57,213
-33.97,-72.43,29
-2.01,-81.00,10
-23.82,-66.75,218
-29.93,-71.43,52
-2.28,-76.96,143
-21.20,-68.87,135
0.76,-77.92,9
-34.47,-71.96,28
-3.62,-80.99,10
-21.49,-68.27,110
-19.50,-69.32,92
-22.90,-68.56,104
-21.92,-68.64,127
-36.80,-74.52,31
0.75,-77.92,8
-14.54,-70.99,14
-21.69,-70.36,64
-24.01,-67.27,225
-30.43,-71.17,50
-18.58,-71.53,16
-21.09,-68.92,109
-29.77,-72.23,25
-16.19,-74.08,48
-18.36,-70.51,69
0.76,-77.95,2
0.79,-77.87,5
-12.18,-75.38,9
-22.41,-67.99,170
0.71,-77.88,3
0.54,-80.31,5
-14.08,-74.45,80
-32.63,-72.68,28
-24.41,-69.53,84
-27.49,-69.39,85
-32.44,-71.00,76
-17.71,-69.49,164
-24.19,-66.94,206
-15.87,-71.76,5
-21.36,-67.78,178
-8.00,-76.03,121
-21.47,-68.47,128
3.93,-73.90,10
-11.71,-74.39,18
-22.07,-70.00,52
-32.49,-71.76,32
-35.60,-73.03,24
-23.90,-66.85,226
-32.02,-71.62,40
4.78,-82.55,10
-21.60,-68.52,118
-15.63,-71.92,11
-15.68,-71.99,13
-23.97,-66.95,235
-21.77,-68.43,137
-5.15,-80.86,38
-15.42,-75.26,28
-17.80,-69.62,151
-3.90,-80.79,7
-30.74,-71.35,36
-0.89,-79.79,10
-27.47,-69.49,119
-31.59,-68.83,108
-23.85,-67.31,259
-34.82,-71.73,44
-24.16,-67.15,191
-23.59,-66.92,195
-31.78,-69.86,127
-36.38,-73.36,26
-31.43,-69.27,105
-31.63,-71.51,41
-23.84,-63.76,20
-35.05,-71.08,92
-29.92,-71.38,50
-21.37,-68.76,120
-21.21,-70.07,46
-15.80,-75.06,22
-31.29,-70.10,553
-31.86,-66.79,165
-14.70,-75.68,66
-23.36,-67.19,235
-31.96,-71.72,47
-16.01,-74.10,59
-27.19,-70.10,104
-24.16,-67.07,212
-18.66,-69.54,126
-15.92,-75.11,18
-23.89,-67.23,229
-21.17,-68.71,104
-22.46,-69.47,83
-36.77,-73.40,21
-15.99,-74.35,23
5.00,-76.29,96
-22.81,-69.33,78
-20.26,-66.64,249
-22.77,-69.04,91
-35.61,-71.49,100
-24.31,-69.37,82
-32.64,-71.56,20
-22.86,-68.99,100
-22.27,-70.12,47
-24.21,-67.02,190
-23.43,-67.10,224
-16.58,-73.70,14
-30.71,-71.39,55
-16.19,-73.81,19
-25.19,-70.89,28
-26.11,-69.36,106
-22.88,-67.00,286
-32.26,-71.59,32
-23.55,-68.31,126
-21.05,-68.92,111
-23.34,-66.88,210
-23.44,-66.87,218
-16.19,-73.81,19
-23.16,-66.81,213
-24.26,-66.87,178
-2.44,-80.02,36
-32.53,-71.71,26
-29.73,-71.62,30
-22.64,-67.91,176
-24.75,-69.70,75
-24.22,-67.10,189
-22.62,-66.34,261
-23.65,-69.14,80
-17.73,-69.84,12
-35.07,-72.64,34
-32.28,-68.13,10
-19.34,-68.96,123
-23.54,-67.17,239
-32.32,-69.78,152
-30.23,-71.30,67
-14.85,-75.83,46
-21.32,-68.55,93
-27.91,-71.22,23
-22.69,-68.21,174
-22.24,-67.80,205
-23.98,-67.39,240
-20.86,-69.12,108
-35.85,-73.27,35
-17.72,-69.85,13
-30.95,-71.64,20
0.60,-81.99,10
-22.76,-68.49,126
-29.92,-71.38,51
-21.37,-70.83,40
-26.02,-70.67,43
-30.86,-71.62,40
-35.34,-72.15,40
-5.25,-77.27,26
-32.96,-72.12,31
-21.89,-68.81,119
0.92,-79.47,10
-27.32,-64.74,8
-18.45,-69.61,137
-21.97,-68.62,118
-23.95,-67.22,226
-21.13,-69.00,103
-31.55,-69.49,121
-31.31,-67.55,125
-31.16,-68.99,345
-2.20,-79.65,70
-21.50,-68.44,137
-21.64,-68.51,130
-28.09,-71.20,33
-22.20,-68.71,120
-22.47,-68.85,113
-23.17,-69.20,88
-25.01,-69.01,120
-2.01,-80.85,10
-32.57,-71.85,20
-33.80,-71.97,32
-18.67,-69.90,69
-28.14,-67.35,123
-25.97,-70.73,41
-28.16,-71.33,33
-30.79,-71.56,40
-28.52,-71.83,24
-14.45,-75.53,40
-4.05,-80.49,64
-31.71,-66.58,10
-27.82,-71.48,20
-30.06,-71.56,20
-15.61,-75.14,36
-32.18,-72.08,30
-24.13,-70.90,44
-21.87,-68.53,109
-35.77,-73.53,30
-24.04,-70.13,53
-24.20,-66.88,219
-25.94,-71.07,30
-25.92,-71.10,37
-34.67,-71.93,15
-30.23,-71.47,60
-30.81,-68.27,10
-30.83,-68.23,10
-5.77,-78.49,11
-20.83,-68.90,111
-32.43,-71.88,15
-31.86,-71.34,30
-1.97,-81.05,10
-20.95,-69.15,115
-22.37,-68.73,124
5.37,-82.58,10
-19.98,-69.22,92
-23.24,-66.59,218
-20.49,-69.18,105
-22.28,-69.98,54
-1.28,-80.92,1
-30.61,-71.70,35
-26.76,-66.38,10
-29.74,-71.33,45
-29.55,-72.48,46
-24.32,-67.32,171
-33.88,-72.14,32
-0.13,-80.73,10
-3.53,-80.88,10
-0.18,-80.68,10
-34.14,-72.23,40
-34.33,-72.32,15
-30.75,-71.67,33
-29.63,-71.43,60
-33.92,-70.80,77
-21.34,-68.01,178
-23.84,-66.65,222
-21.82,-68.55,127
-24.19,-67.32,200
-21.88,-68.73,104
-30.66,-71.38,51
-22.77,-66.04,228
-22.09,-68.95,98
-21.49,-69.84,41
-21.52,-69.84,52
-33.81,-72.45,36
-21.20,-70.26,36
-15.67,-71.88,11
-2.39,-79.27,38
-23.31,-68.86,104
-22.16,-70.44,34
-18.51,-71.16,26
-18.41,-70.45,87
-32.57,-69.52,120
-23.95,-66.94,241
-29.66,-70.97,40
-23.77,-66.96,228
-17.48,-71.11,35
-27.95,-66.82,175
-24.19,-67.54,208
-30.20,-71.27,58
-31.71,-72.17,37
-35.59,-72.53,28
-31.95,-70.16,121
-27.51,-69.46,90
-23.96,-67.07,219
-3.26,-80.41,47
-1.57,-80.98,5
-24.32,-67.01,162
-32.35,-70.22,124
-20.11,-69.26,96
-35.77,-71.89,80
-21.09,-68.98,108
-22.41,-67.64,214
0.87,-83.68,8
-28.56,-63.13,560
-30.91,-71.39,52
-20.60,-69.13,108
-31.48,-71.52,30
-21.50,-69.77,48
-21.50,-69.80,44
-28.62,-71.47,41
-2.07,-80.79,7
-21.28,-68.83,135
-30.63,-71.40,30
-31.98,-71.68,20
-3.02,-79.25,77
-20.99,-68.60,126
-8.60,-80.13,34
-20.31,-69.07,97
-30.31,-71.53,40
-20.69,-68.84,106
-32.86,-70.14,116
-22.91,-69.02,90
-34.19,-72.22,28
-24.65,-67.56,216
-13.22,-76.69,54
-24.11,-67.17,176
-8.24,-78.08,15
-19.98,-69.55,74
-31.69,-72.05,10
-24.12,-67.18,230
-15.63,-71.92,10
-21.13,-68.62,133
-21.09,-68.98,108
-21.25,-68.80,112
-22.08,-67.42,181
-31.55,-69.59,125
-34.04,-70.18,130
-33.01,-71.86,20
-21.13,-69.03,112
-5.43,-80.41,47
-28.73,-67.81,175
-15.20,-70.99,13
-9.00,-76.10,31
-21.15,-68.70,117
-24.05,-67.57,221
-21.16,-70.08,36
-21.95,-68.65,122
-5.11,-78.08,60
-22.12,-66.15,277
5.29,-73.77,147
-2.20,-81.00,10
-1.90,-80.86,10
-27.01,-69.62,115
-21.55,-68.39,136
-23.20,-66.67,247
-35.78,-73.32,29
-23.96,-67.18,221
-23.20,-67.28,244
-28.59,-70.30,95
-22.62,-70.37,15
-23.87,-67.29,194
-30.34,-72.07,34
-15.69,-71.88,12
-30.18,-71.28,69
-20.13,-70.12,45
-8.09,-71.66,594
-27.80,-71.53,15
2.09,-84.58,10
-28.34,-70.23,94
-23.07,-67.54,285
-31.75,-70.13,139
-27.45,-70.79,42
-24.26,-67.48,222
-22.04,-68.63,127
-3.02,-75.46,143
5.27,-73.74,152
-23.89,-67.37,250
-2.34,-81.54,10
-28.70,-70.59,70
-22.67,-68.79,103
-21.19,-69.00,106
-25.74,-66.98,252
-22.37,-68.82,122
-33.06,-70.29,103
-24.02,-67.04,236
-22.99,-69.25,109
-24.22,-67.53,214
4.67,-76.23,114
-23.98,-67.34,244
-2.73,-78.17,10
-18.60,-70.91,31
-18.48,-71.10,27
-15.33,-72.93,17
-1.34,-77.72,181
-4.47,-79.78,59
-29.72,-71.22,26
-27.94,-71.00,46
-33.99,-70.16,20
-22.15,-67.66,211
-13.71,-76.72,43
-6.97,-74.12,190
-28.78,-67.50,133
-32.24,-71.63,61
-30.60,-72.04,30
-18.55,-71.28,21
-30.42,-71.53,25
-6.97,-74.12,190
-21.18,-68.94,114
-18.62,-71.05,26
-0.87,-80.03,10
-32.81,-72.02,20
-24.24,-67.53,215
-21.17,-69.04,108
-24.68,-70.09,57
-24.20,-67.29,218
-31.97,-65.11,30
-13.75,-76.19,75
-1.42,-81.10,10
-32.43,-71.63,10
-2.27,-80.95,10
-30.99,-71.64,20
-19.64,-69.39,102
-32.84,-71.96,28
-29.45,-71.41,25
-33.97,-70.32,113
-1.50,-80.99,23
-32.58,-69.45,264
-31.73,-67.57,127
-16.07,-69.61,220
-32.13,-71.58,36
-21.95,-68.62,111
-21.15,-68.97,113
-21.93,-68.68,127
-14.56,-75.55,55
-0.96,-80.58,10
-18.34,-69.73,111
-18.36,-69.73,112
-0.96,-80.58,10
-15.69,-74.12,82
-20.69,-68.89,98
-32.85,-68.94,13
-21.28,-68.91,116
-33.36,-72.05,20
3.80,-78.66,10
-22.90,-66.44,244
-21.27,-68.80,119
-32.90,-72.05,17
-24.13,-67.36,198
-32.93,-72.08,28
-27.54,-70.09,95
-32.35,-71.30,26
-23.06,-65.08,7
3.07,-84.20,10
5.81,-32.75,10
-21.41,-68.35,162
-24.12,-67.03,183
5.69,-32.86,10
5.65,-32.88,10
-34.67,-71.77,20
-21.10,-68.75,111
-32.02,-71.58,28
-32.02,-71.74,40
-21.24,-68.76,118
-2.11,-80.35,60
-11.69,-77.71,36
-24.70,-69.23,97
-9.91,-78.82,54
-24.13,-67.23,217
-25.20,-69.16,144
-11.27,-79.65,28
-28.54,-64.67,20
-28.41,-70.23,108
-32.00,-71.74,72
-1.43,-81.22,10
-33.76,-72.60,10
-1.33,-78.09,10
-21.39,-68.55,137
-31.81,-69.21,119
-20.92,-68.63,128
-24.93,-68.63,141
-24.22,-67.52,209
-15.89,-72.66,90
-36.41,-71.19,20
-31.82,-71.39,30
-36.43,-71.18,8
-27.32,-70.69,51
-24.24,-67.45,230
-31.77,-71.38,59
-30.05,-71.34,60
-24.45,-69.47,85
-28.14,-68.67,100
-33.68,-70.41,105
-1.62,-81.03,10
-22.31,-68.92,119
-27.70,-70.88,49
-23.86,-67.03,234
-23.26,-67.22,242
-1.93,-80.95,5
-24.49,-70.07,67
-29.79,-71.50,51
-34.49,-70.53,118
-30.16,-71.24,64
-18.46,-71.08,50
-22.18,-68.78,122
-21.25,-68.86,118
-32.78,-70.13,104
-13.56,-77.13,13
-2.66,-77.33,151
-8.82,-76.97,67
-23.17,-66.83,211
-34.01,-70.37,114
-12.62,-76.96,34
-20.11,-68.06,207
-20.56,-69.27,79
-24.10,-67.57,206
-23.85,-68.64,105
-30.22,-71.44,60
-25.14,-69.88,63
-21.36,-68.31,124
-3.27,-78.03,42
-32.58,-71.74,21
-21.48,-68.40,138
-16.39,-71.83,113
-33.21,-72.91,22
-21.24,-68.81,116
-32.85,-70.36,108
-19.10,-69.14,123
-29.73,-70.95,60
-32.40,-71.94,25
-20.85,-70.03,74
-2.18,-77.20,139
-24.29,-70.47,53
-20.88,-69.18,114
-2.32,-79.33,58
-15.83,-71.91,13
-21.38,-68.70,115
-24.15,-66.92,202
-30.95,-71.30,68
-30.58,-71.46,43
-20.34,-69.31,87
-24.17,-67.07,191
-2.85,-77.32,144
1.82,-77.15,5
-17.70,-69.62,163
-31.05,-71.39,66
-21.29,-68.50,135
-24.31,-70.50,45
-30.14,-72.00,24
-16.05,-74.52,38
-30.24,-71.29,67
-24.09,-67.38,220
-21.77,-68.64,122
-21.14,-68.72,124
-21.24,-67.53,225
-19.25,-69.32,112
-17.90,-66.98,280
-24.03,-66.95,192
-33.02,-67.15,10
-31.73,-69.95,150
-28.53,-70.13,106
0.33,-79.06,10
-1.94,-80.95,5
-2.00,-80.95,10
-1.92,-80.87,3
-2.00,-80.93,10
-1.95,-80.88,6
-27.86,-69.72,108
-22.28,-67.98,219
-1.95,-80.89,10
-22.82,-68.65,111
5.67,-78.29,10
-1.93,-80.97,5
-2.01,-81.08,10
-1.16,-78.40,7
-1.96,-81.15,6
-2.02,-81.10,10
-1.91,-81.23,3
-2.01,-81.08,10
-1.92,-81.07,10
-1.71,-80.06,10
-1.92,-80.90,3
-1.90,-80.70,48
-1.98,-80.97,10
-29.81,-71.61,36
-27.66,-69.14,128
-23.98,-67.63,205
-19.63,-69.27,105
-23.96,-70.23,51
-35.63,-72.89,23
-30.27,-71.23,65
-24.03,-66.97,217
-21.17,-68.86,105
-9.53,-75.88,135
-30.84,-71.78,29
-16.26,-73.41,71
-23.31,-68.79,106
-24.20,-67.01,180
-15.85,-74.60,34
-2.32,-80.02,33
-18.63,-69.35,124
-21.63,-68.47,127
-27.75,-71.31,37
-32.51,-71.92,40
-23.96,-67.24,210
-22.34,-68.64,129
-23.50,-66.84,256
-22.84,-68.79,113
-24.43,-69.75,62
-31.54,-71.34,48
-21.33,-68.79,109
-24.14,-67.35,221
-31.12,-68.96,108
-24.77,-70.99,30
-31.44,-71.43,48
-14.11,-76.76,23
-23.97,-67.65,245
-2.77,-76.68,123
0.42,-81.00,1
-25.11,-69.11,109
-31.61,-71.82,29
-31.87,-68.30,106
-14.05,-76.65,28
-23.20,-66.84,215
-23.93,-67.23,235
-36.47,-70.64,10
-30.70,-71.66,40
-16.01,-74.49,24
-17.83,-69.37,148
-19.90,-69.48,120
-24.00,-67.25,243
-12.64,-76.82,52
-24.01,-67.55,203
-18.47,-69.43,129
-20.37,-68.60,128
-21.02,-68.65,150
-24.35,-68.75,110
-24.09,-67.58,233
-19.27,-70.22,49
-30.59,-71.31,47
-1.75,-78.84,2
-10.24,-74.95,125
-24.87,-68.00,157
-2.31,-76.55,142
-29.82,-71.61,40
-20.47,-69.04,119
-2.10,-80.12,15
-0.57,-80.81,5
-23.93,-67.16,238
-23.55,-70.29,40
-20.36,-70.35,39
-12.60,-76.81,54
-18.72,-69.31,129
-21.94,-68.65,112
-18.68,-69.89,90
0.82,-77.94,11
4.52,-76.21,128
-5.49,-79.58,98
-32.75,-70.64,96
-22.84,-68.89,108
-1.32,-81.00,5
-23.84,-68.91,101
-33.87,-72.08,29
-30.65,-70.10,116
-33.01,-72.03,20
-24.72,-71.95,37
-32.77,-71.77,20
0.77,-77.96,10
-21.14,-68.61,139
-22.78,-63.73,533
-35.25,-71.88,45
-29.51,-71.49,47
-30.41,-72.06,15
-30.41,-71.72,21
-22.64,-69.11,120
-22.92,-68.72,122
-17.92,-69.82,114
-12.65,-76.60,49
0.81,-77.81,7
-32.79,-71.66,20
-30.18,-71.28,62
-17.97,-69.71,141
-36.15,-72.79,54
-12.74,-74.95,80
-12.81,-74.97,108
-35.01,-71.25,84
-22.85,-68.59,110
-27.42,-67.20,128
-8.71,-76.36,14
-24.71,-67.92,193
-29.74,-71.49,40
-15.45,-74.31,79
-30.45,-71.63,36
-18.49,-71.28,22
-1.24,-78.41,7
-22.06,-68.80,115
-22.49,-66.28,261
-0.04,-78.44,5
-0.04,-78.44,4
-0.04,-78.45,7
-21.29,-68.72,118
-20.55,-68.91,112
-23.93,-67.20,250
-23.97,-67.45,226
-23.35,-67.85,137
-21.54,-68.44,138
-19.61,-69.28,104
-22.34,-67.91,205
-31.66,-69.97,125
-31.91,-69.53,122
-15.50,-70.60,200
-30.12,-71.23,59
-23.41,-68.72,116
-24.24,-67.48,205
-31.51,-72.13,36
-31.51,-68.96,171
-22.69,-66.39,259
-21.80,-68.58,125
-30.31,-71.22,42
-34.42,-72.02,27
-30.18,-71.29,69
-21.15,-68.58,125
-15.68,-72.74,16
-22.57,-67.91,189
-3.79,-81.35,19
-7.65,-76.32,144
-24.65,-69.63,73
3.00,-75.96,10
-32.58,-71.58,37
-29.96,-71.94,36
-29.90,-72.05,10
-20.45,-68.43,119
-29.81,-71.52,50
-31.86,-71.24,71
-11.96,-77.63,29
-17.48,-69.80,148
-20.24,-69.20,92
-19.90,-71.08,29
-19.97,-71.04,10
-20.74,-66.72,232
-24.04,-67.47,241
-30.62,-71.22,38
-24.25,-67.39,210
-24.16,-67.52,192
-31.72,-71.17,72
-29.59,-71.14,55
-24.13,-68.79,98
-18.17,-69.61,140
-32.50,-69.96,112
-12.62,-76.95,31
-21.39,-68.92,118
-20.27,-69.15,114
-27.99,-70.05,90
-23.39,-68.82,90
-30.28,-71.21,58
-12.60,-74.95,21
-31.27,-68.81,111
-27.95,-66.68,157
-2.38,-77.04,116
-30.66,-71.27,45
-33.41,-72.93,23
-5.56,-76.44,47
-5.56,-76.44,47
-30.68,-71.54,48
-32.67,-70.59,88
-24.22,-67.46,207
-16.83,-71.81,43
-23.12,-67.18,249
-18.30,-69.37,129
-30.62,-71.73,47
-31.52,-69.30,10
-5.47,-80.18,55
-22.22,-68.95,124
-28.62,-70.42,89
-23.47,-69.07,82
-28.70,-71.01,56
-22.07,-68.60,132
-24.29,-67.31,186
-14.56,-72.37,84
-19.30,-70.22,40
-15.00,-72.60,85
-31.09,-70.06,42
-21.72,-67.62,230
-22.26,-71.31,25
-32.38,-69.97,129
-34.38,-70.52,107
-30.17,-71.26,58
-24.14,-67.07,172
-21.07,-68.48,139
5.74,-77.79,14
-33.84,-70.86,89
-23.75,-68.64,110
-35.76,-73.07,21
-15.29,-75.61,32
-21.30,-68.54,117
-19.29,-70.19,43
-22.12,-68.67,117
-25.79,-70.61,40
-21.44,-66.84,229
-22.72,-66.34,266
-24.13,-67.32,228
-15.16,-72.34,144
-23.48,-66.81,218
-30.36,-72.18,10
4.87,-73.16,10
-31.44,-70.13,116
-20.88,-67.97,176
-23.87,-66.99,192
-30.22,-71.32,46
-30.66,-71.51,55
-21.39,-67.12,289
-11.50,-77.87,49
-19.95,-69.11,106
-24.12,-67.75,240
-30.20,-71.39,45
-35.09,-72.44,15
-19.73,-69.55,81
-18.32,-69.66,113
-30.19,-71.30,65
-31.78,-68.36,10
-30.40,-69.00,10
-28.22,-69.88,119
-6.46,-76.06,127
-9.69,-78.99,40
-36.85,-71.93,81
-19.62,-70.23,74
-30.23,-71.26,55
-22.37,-68.65,107
-31.24,-68.83,106
-30.07,-71.48,65
-18.86,-69.40,119
-22.36,-69.91,53
-24.05,-67.40,225
-20.69,-70.22,49
-21.73,-68.87,93
-24.20,-67.45,207
-22.17,-68.68,110
-19.39,-70.06,44
-20.74,-69.13,93
-9.62,-74.90,22
-19.29,-70.20,44
-29.29,-71.16,35
5.96,-72.43,3
-21.94,-68.76,111
-9.83,-75.44,10
-30.23,-71.27,57
-21.26,-68.93,113
-29.84,-71.76,10
-32.07,-67.59,10
-33.74,-72.39,44
-33.70,-72.39,36
-32.71,-70.80,74
-21.73,-68.57,128
-19.59,-69.57,86
-30.23,-71.17,62
-20.57,-70.74,19
-13.54,-76.56,39
-8.95,-79.12,53
-23.15,-66.67,237
-33.44,-71.23,65
-30.20,-71.24,58
0.31,-80.92,10
-30.12,-71.29,69
-8.63,-74.40,152
-24.31,-67.41,154
-21.78,-68.49,123
-14.56,-73.47,10
-7.35,-74.97,137
-27.40,-69.26,114
-22.07,-68.59,126
-36.07,-72.19,60
-29.47,-69.69,134
-22.31,-68.68,114
-21.87,-68.67,92
-33.15,-70.20,20
-9.19,-79.18,22
-21.48,-68.58,122
-33.70,-72.53,10
-21.12,-68.87,111
-30.76,-71.48,77
-21.60,-68.19,153
-33.14,-71.76,51
-30.57,-71.63,31
-19.20,-69.47,102
-35.28,-69.88,165
-23.85,-66.84,206
-30.23,-71.30,69
-22.30,-68.67,113
-23.03,-66.29,271
-17.54,-69.62,146
-32.00,-71.95,41
-23.50,-68.44,119
-23.09,-69.29,84
-28.36,-71.33,31
-20.63,-69.38,98
-10.67,-74.95,143
-21.74,-68.70,111
-13.56,-70.68,16
-24.04,-67.07,189
-22.18,-68.66,115
-12.70,-74.17,17
-30.18,-71.28,66
-30.22,-71.17,61
-30.55,-68.97,129
-20.70,-69.23,89
-20.57,-68.82,112
-22.10,-68.71,120
-22.54,-69.03,104
-29.68,-68.71,105
-22.00,-69.00,112
-28.11,-71.17,28
-28.08,-71.27,30
-13.98,-76.09,44
-30.66,-71.60,35
3.01,-75.96,7
-20.96,-68.97,90
3.05,-75.94,12
-24.03,-66.99,157
-21.26,-68.75,141
-30.55,-72.38,20
-26.85,-70.83,55
-30.25,-71.24,53
-8.01,-73.66,153
-20.63,-68.93,105
-30.20,-71.34,60
-15.71,-71.85,15
-19.86,-70.86,35
-22.99,-66.62,230
-24.02,-66.94,201
-29.66,-71.38,40
-28.42,-67.65,140
-29.75,-71.57,37
-29.76,-71.64,35
4.29,-32.71,10
-21.53,-68.62,110
-30.26,-71.23,58
-21.70,-68.51,138
-24.05,-68.94,110
-31.17,-68.76,119
-19.84,-71.03,24
-30.05,-71.18,58
-33.77,-71.38,52
-31.55,-71.83,45
-18.78,-69.44,109
-22.51,-68.41,142
-22.17,-69.89,63
-22.77,-68.91,112
-16.09,-73.90,39
-20.91,-69.17,106
-9.34,-75.34,139
-4.95,-76.66,5
-27.05,-64.70,10
-22.22,-68.65,122
-30.99,-71.36,62
-23.19,-68.44,130
-21.68,-63.17,30
-24.22,-67.69,231
-27.68,-71.49,54
-23.19,-66.65,206
-23.40,-69.53,100
-30.24,-71.29,68
-2.19,-77.43,148
-9.85,-78.83,35
5.83,-76.07,56
-21.11,-69.00,111
-20.86,-70.79,15
-15.67,-71.87,14
-8.45,-75.14,124
-20.55,-68.82,109
-30.74,-70.99,93
-19.77,-70.34,16
-31.33,-71.16,92
-22.46,-67.77,180
-20.82,-70.67,17
-31.83,-71.53,42
-30.10,-71.30,68
-15.67,-71.85,13
-20.89,-70.73,10
-8.43,-74.33,152
-10.57,-75.47,128
-24.17,-67.52,231
-20.61,-69.06,104
-21.26,-68.62,118
-24.35,-67.09,181
-21.18,-68.94,114
-16.20,-73.29,82
-24.01,-66.87,202
-24.22,-66.92,182
-23.95,-67.24,256
-27.93,-70.99,25
-30.11,-71.24,62
-30.26,-71.25,58
-30.20,-71.23,55
-30.24,-71.19,64
-21.99,-68.73,98
-2.57,-80.57,8
4.16,-76.82,66
-23.88,-67.14,240
-14.60,-75.55,49
-11.03,-75.50,114
-27.99,-71.49,20
-34.83,-70.29,151
-15.43,-73.19,123
-23.97,-66.68,200
-17.63,-71.46,43
-23.31,-71.18,40
-36.58,-72.98,16
3.00,-75.97,10
-24.21,-67.72,243
-31.12,-71.71,54
-35.10,-71.36,70
-35.68,-71.39,106
-20.35,-69.11,92
-8.59,-76.22,22
-8.49,-76.13,17
-31.57,-69.95,143
-23.53,-64.57,10
-22.46,-68.61,114
-28.74,-72.89,15
-0.54,-81.03,10
-27.87,-70.62,91
-31.58,-70.04,111
-11.24,-74.70,14
-23.11,-69.24,101
-31.56,-70.25,137
-12.10,-74.23,10
-27.94,-67.01,195
-30.29,-71.27,75
-19.04,-69.39,108
-23.93,-67.16,254
-24.15,-67.31,182
-20.77,-69.03,106
-30.59,-71.52,14
0.77,-77.90,9
-23.19,-68.73,97
-29.00,-70.17,120
-30.01,-71.34,47
-24.06,-66.67,236
-22.99,-68.93,105
-20.62,-69.23,98
-32.19,-71.49,66
5.71,-76.14,68
-23.82,-67.45,215
-30.48,-71.43,54
-23.98,-66.86,212
-30.51,-72.45,38
-3.20,-80.68,10
-8.66,-74.49,136
-21.19,-68.24,133
-22.06,-68.96,101
0.76,-77.88,8
0.69,-77.70,10
-30.85,-71.33,74
-9.89,-75.91,14
-15.19,-71.79,107
-5.28,-79.11,104
-22.18,-68.71,118
-27.02,-71.10,37
-32.88,-72.10,33
-11.77,-75.51,10
-30.88,-71.49,60
-32.83,-71.71,29
-21.99,-68.71,113
-30.19,-71.28,63
-9.24,-79.33,38
-31.77,-72.21,26
-24.17,-67.20,212
-1.60,-78.16,171
-30.05,-71.28,56
-25.98,-69.49,81
-32.83,-71.72,25
-29.67,-71.24,45
-29.67,-71.32,40
-7.55,-75.83,43
-11.92,-75.73,114
-14.26,-75.86,26
-20.27,-69.93,53
-30.21,-71.28,66
-22.23,-68.78,140
3.01,-75.95,7
-22.55,-70.41,45
6.08,-82.62,10
-20.11,-70.71,40
-34.27,-70.77,97
-21.13,-68.64,122
-20.90,-69.94,26
-31.79,-70.03,130
-30.21,-71.25,55
-20.17,-69.09,89
-26.36,-70.81,37
-28.03,-70.72,105
-30.27,-71.22,59
-30.28,-71.23,54
-0.36,-80.89,10
-31.08,-67.48,125
-24.08,-66.77,204
-24.23,-67.49,233
-24.12,-66.95,226
-32.94,-70.16,122
-31.98,-71.55,22
-14.19,-75.67,64
-30.23,-71.17,61
-19.29,-69.30,104
4.82,-75.52,133
-22.84,-68.77,106
-29.54,-71.45,66
-32.39,-70.05,121
-15.03,-70.73,175
-30.28,-71.24,51
-21.61,-68.50,124
-34.38,-71.84,18
-9.39,-79.23,42
-22.98,-69.64,94
-7.19,-80.97,46
-21.71,-68.62,121
3.02,-75.95,8
-21.79,-67.56,217
-30.04,-71.70,32
-31.16,-71.71,34
-31.17,-71.73,35
-20.79,-69.60,66
-35.98,-71.67,82
-31.21,-67.57,10
-23.66,-69.14,92
-36.95,-68.37,10
-25.57,-70.78,36
-21.15,-68.82,113
-22.58,-68.68,113
-32.02,-70.38,118
-10.64,-78.44,47
-30.13,-71.26,60
-32.85,-73.12,41
-19.86,-71.02,37
-21.07,-68.54,144
-18.57,-71.14,24
-18.27,-70.50,62
-33.30,-70.84,80
-29.46,-71.54,29
-21.09,-68.93,113
-35.70,-73.35,16
-7.85,-74.52,144
-21.28,-68.84,117
-23.02,-66.67,243
-19.94,-71.14,45
-19.86,-71.10,31
-19.88,-71.05,57
-31.98,-70.32,124
-19.93,-71.12,10
-29.96,-71.91,38
-31.99,-68.19,10
-17.40,-70.17,182
-22.59,-68.75,114
-24.16,-67.42,230
-10.77,-74.70,33
-30.73,-70.42,20
-23.99,-67.20,230
-17.42,-72.58,16
-33.51,-68.83,10
-20.45,-69.22,100
-19.83,-69.77,59
-30.09,-71.28,68
-19.68,-69.52,81
-30.25,-71.25,70
-21.69,-68.56,131
-21.34,-68.83,115
-21.39,-68.41,129
-2.75,-78.58,92
-2.92,-78.67,31
-30.09,-71.26,68
-17.07,-71.06,20
-22.98,-69.28,121
-22.36,-68.60,119
-7.94,-80.28,32
-28.49,-70.48,111
-23.84,-66.77,209
-29.44,-71.99,37
-25.96,-66.74,1
-15.06,-74.62,34
-30.25,-71.29,67
-21.17,-68.51,142
-2.54,-78.46,109
-31.37,-67.91,10
-18.90,-68.93,159
-21.04,-68.53,135
-37.03,-74.11,18
-30.26,-71.22,58
-19.70,-70.88,40
-34.24,-72.38,21
-9.05,-79.16,60
-22.45,-68.45,114
-33.96,-72.14,37
-9.73,-75.73,22
-20.88,-69.08,106
-21.04,-67.81,157
-22.47,-68.52,133
-2.48,-77.48,19
-22.24,-68.85,112
-20.57,-68.83,104
-21.52,-68.60,146
-19.96,-69.21,102
-21.10,-68.67,106
-26.36,-70.78,51
-30.10,-71.22,62
-20.84,-67.98,186
-30.08,-71.17,59
-31.48,-70.36,119
-28.37,-68.34,199
-19.53,-69.30,8
-20.13,-70.20,51
-20.50,-68.87,100
-24.10,-67.65,215
-3.22,-77.87,3
-3.21,-77.78,6
6.15,-82.61,10
-24.13,-68.99,102
-30.02,-71.14,58
-22.75,-66.27,266
-23.48,-68.25,126
-30.21,-71.34,64
-24.15,-66.95,205
-27.86,-67.40,163
-20.25,-70.21,40
-23.62,-67.31,257
-30.64,-71.68,42
-10.87,-78.47,40
-27.95,-66.89,170
-30.66,-70.99,110
3.06,-75.93,8
-7.81,-74.59,168
-31.72,-71.30,56
2.99,-75.96,1
3.04,-75.91,10
-15.61,-73.18,114
-33.55,-71.08,69
3.05,-75.96,8
3.05,-75.94,10
3.05,-75.93,5
3.04,-75.93,8
-31.82,-69.81,168
-21.52,-68.98,103
-33.66,-72.05,26
-31.37,-68.82,10
-14.68,-71.58,10
-24.14,-67.58,233
-32.59,-71.76,60
-29.68,-71.30,45
-31.72,-72.09,10
-24.16,-67.33,225
3.00,-75.96,10
-30.12,-71.31,68
-30.17,-71.28,70
-22.91,-68.69,115
-32.50,-71.71,32
-30.70,-71.34,65
-30.19,-71.33,68
-20.36,-69.26,88
-21.21,-68.89,116
-31.56,-71.55,20
-30.27,-71.23,63
3.03,-75.95,10
-19.17,-70.10,69
-9.53,-74.74,20
3.04,-75.94,10
3.03,-75.96,9
2.99,-75.97,1
3.59,-78.08,27
-9.53,-74.74,20
-30.07,-71.43,66
-23.16,-67.90,181
-21.08,-68.77,106
-32.65,-71.73,34
-15.28,-71.51,148
-33.55,-70.30,113
-14.69,-75.64,45
-1.24,-80.90,5
-1.30,-77.50,200
-20.39,-68.83,117
-20.21,-68.79,145
-30.18,-71.53,60
-9.28,-78.96,61
-22.11,-68.88,116
-2.96,-80.00,10
-30.01,-71.18,59
-30.54,-72.98,10
-30.24,-71.20,62
1.28,-77.31,5
-30.58,-72.50,26
-30.43,-72.28,35
-14.67,-71.58,18
-30.70,-72.34,37
-31.16,-68.50,83
-20.83,-69.00,101
-30.09,-71.28,70
-30.60,-72.58,24
-30.57,-72.46,38
-35.00,-71.76,42
-30.11,-71.30,65
-30.25,-71.23,60
-30.21,-71.24,55
-31.80,-68.34,129
-24.28,-67.78,215
-18.30,-69.94,125
-31.20,-68.33,102
-20.83,-69.15,108
-9.56,-79.13,44
-30.06,-71.18,60
-24.28,-67.28,180
-30.11,-71.30,68
-14.52,-76.52,21
-24.21,-67.24,207
-18.61,-71.05,20
-23.17,-66.95,222
-14.70,-71.87,90
-22.39,-69.02,99
-34.30,-73.22,43
-14.57,-76.68,10
-21.59,-68.42,126
-21.28,-70.53,30
-30.25,-71.24,60
-34.49,-73.67,20
-30.10,-71.24,64
-30.17,-71.48,56
-30.15,-71.23,64
-30.24,-71.44,60
-4.47,-77.71,37
-30.10,-71.47,50
-17.95,-70.03,116
-33.91,-70.34,104
-31.79,-72.25,4
-9.34,-79.30,27
-12.67,-75.17,97
-24.13,-67.18,231
-10.87,-78.49,31
-8.93,-80.01,34
-29.87,-72.03,18
-30.16,-71.37,61
-30.12,-71.41,58
-30.08,-71.49,53
2.73,-75.02,1
-5.61,-77.00,128
-14.66,-71.60,16
-22.56,-66.19,255
-19.73,-69.27,93
-11.91,-77.02,84
-21.16,-68.69,118
-10.48,-74.91,134
-31.51,-71.41,65
-32.12,-69.44,138
-22.88,-66.00,302
-24.00,-67.44,237
-19.38,-69.26,109
-30.75,-71.56,84
-23.31,-67.02,239
-22.84,-69.03,104
-21.95,-68.71,134
-29.76,-70.77,55
-21.97,-70.32,19
-27.89,-66.88,200
-28.25,-69.81,65
-22.19,-68.86,95
-23.77,-67.70,211
-32.27,-71.72,34
-20.32,-69.25,108
-22.62,-69.08,117
-33.31,-70.21,114
-22.05,-66.20,303
-18.90,-69.45,107
-21.66,-68.99,91
-20.15,-69.15,96
-21.28,-68.89,115
-29.89,-71.19,80
-20.37,-69.14,100
-20.70,-69.12,88
-31.51,-71.73,25
-29.87,-71.66,34
-32.99,-66.65,93
-31.21,-71.55,63
-28.16,-69.72,96
-22.04,-66.04,288
-18.46,-71.02,19
-17.74,-70.60,80
-32.99,-70.92,83
-14.87,-72.32,125
-27.05,-70.16,97
-20.86,-69.23,89
-23.91,-67.11,229
-21.73,-68.62,124
-29.69,-71.59,31
-14.86,-72.00,12
-19.82,-69.38,89
-13.29,-76.48,57
-29.78,-71.40,64
-30.45,-72.13,22
-33.23,-72.38,31
-32.26,-71.76,24
-15.88,-71.80,110
-15.66,-71.92,12
-26.46,-69.48,115
-36.10,-73.67,36
-32.83,-69.97,15
-36.02,-69.79,10
-23.22,-68.38,116
-32.05,-71.51,44
-14.73,-73.50,13
-28.79,-71.48,36
-26.42,-70.22,58
-1.68,-78.05,146
-21.56,-68.50,127
-33.95,-72.46,34
-31.81,-69.70,144
-28.22,-69.50,100
-23.93,-66.49,324
-24.09,-66.84,204
-3.16,-80.35,133
-32.53,-70.36,102
-0.19,-80.49,10
-32.48,-71.80,25
-32.36,-71.71,35
-37.15,-73.94,37
-23.61,-66.71,207
-30.17,-71.68,54
-15.24,-70.96,16
-15.30,-70.96,12
-21.53,-68.37,141
-36.46,-73.55,32
-22.02,-68.66,121
-36.98,-73.47,44
-32.06,-72.05,42
-9.92,-78.90,37
-23.16,-66.49,230
-20.59,-69.79,25
-11.99,-75.63,10
-32.09,-71.89,30
-32.09,-71.96,15
-22.26,-70.34,33
-19.00,-69.56,98
-21.63,-69.03,90
-20.85,-69.10,106
-22.02,-68.72,113
-21.71,-68.66,121
-35.02,-73.02,33
-37.00,-74.25,17
-29.85,-67.66,104
-4.59,-74.18,10
-31.11,-68.50,102
-9.48,-75.87,127
-24.34,-69.01,107
-37.06,-74.14,30
-14.62,-75.53,35
-15.29,-70.94,23
-37.07,-74.31,36
-35.45,-73.88,22
-31.53,-67.86,10
-19.76,-68.85,111
-20.82,-69.10,108
-22.69,-68.86,113
3.94,-77.97,5
3.31,-84.04,30
-28.66,-71.02,59
-10.68,-78.52,46
-24.21,-69.32,99
-25.39,-71.15,20
-19.61,-69.45,109
-29.97,-72.20,10
-4.83,-80.58,55
-12.45,-75.38,103
-21.24,-69.05,90
-2.12,-79.19,5
-15.18,-70.85,30
-23.28,-69.20,95
-24.08,-67.02,194
-35.75,-71.43,114
-19.66,-69.36,89
-27.49,-69.38,121
-18.47,-71.31,24
-33.88,-71.11,70
-18.49,-71.35,15
-19.13,-69.45,115
2.37,-75.50,11
-16.14,-73.11,39
-18.48,-71.29,23
-23.89,-66.83,218
-20.80,-69.07,98
-23.14,-70.69,41
-29.45,-71.90,22
-18.67,-69.28,127
-24.20,-67.47,196
-24.20,-67.07,205
-21.14,-68.72,116
-20.57,-67.68,220
-21.07,-69.16,139
-22.78,-68.86,95
5.29,-73.74,148
-22.48,-68.04,172
-2.79,-76.31,116
-33.12,-71.99,27
-25.32,-67.38,151
-31.36,-65.94,446
-27.68,-71.46,48
-5.71,-76.90,47
-23.15,-66.81,235
-22.86,-68.72,108
-32.65,-69.61,126
-20.27,-70.59,24
-29.84,-71.52,57
-27.50,-65.98,24
-35.09,-71.27,106
-36.69,-72.23,64
-19.38,-63.94,602
-32.01,-71.61,41
-22.39,-66.23,275
-25.48,-70.36,52
-21.27,-68.53,141
-20.64,-68.86,113
-23.05,-66.47,252
-22.34,-68.51,120
-32.44,-72.19,41
-20.87,-69.17,104
-23.88,-67.41,250
-24.20,-67.24,168
-34.82,-71.78,41
-31.36,-68.66,109
-33.12,-70.63,95
-21.27,-67.52,185
-31.41,-68.31,96
-31.12,-70.36,128
-2.27,-77.92,10
-24.17,-67.08,199
-22.28,-68.67,100
-23.88,-66.67,237
-32.38,-72.21,28
-35.19,-71.06,9
-23.15,-69.10,100
-16.06,-73.30,83
-21.94,-68.58,111
-24.04,-66.80,188
-21.59,-68.45,125
-24.34,-64.25,10
-35.73,-72.98,38
-32.40,-72.09,38
-21.87,-68.63,126
-19.86,-68.96,116
-32.20,-72.33,38
-22.51,-70.16,64
-27.18,-70.14,96
-32.43,-72.18,24
-32.38,-72.09,33
-32.24,-70.15,128
-21.36,-68.52,133
-22.99,-67.32,241
-19.62,-69.29,96
-28.95,-69.75,122
-10.43,-78.94,29
-24.15,-66.62,189
-15.63,-71.86,12
-29.57,-71.46,62
-32.42,-72.07,30
-23.52,-66.90,225
-30.05,-71.14,75
-27.88,-67.55,169
-15.43,-72.20,129
-24.15,-67.16,205
-14.69,-75.26,46
-15.60,-72.81,111
-33.50,-70.02,8
-19.89,-69.11,105
-30.72,-71.40,42
-32.70,-71.64,37
-31.02,-71.71,30
-25.36,-69.12,125
-22.83,-66.92,266
-32.97,-72.16,32
-23.94,-67.12,227
-31.62,-68.71,106
-25.16,-69.81,80
-27.19,-71.10,47
-31.58,-69.85,125
-22.10,-68.53,122
-36.56,-62.45,32
-16.35,-69.90,200
-32.03,-69.40,123
-14.40,-76.00,28
-32.40,-70.27,127
-23.14,-68.75,111
-35.74,-73.57,32
-23.01,-66.50,240
-15.93,-74.20,54
-20.97,-66.94,217
-28.68,-70.59,85
-24.90,-70.22,54
-31.29,-69.05,121
-31.23,-71.75,33
-20.90,-69.12,108
-18.28,-71.25,40
-22.23,-68.90,98
-22.07,-68.75,100
-18.28,-69.38,142
-25.07,-68.88,108
-10.41,-75.40,14
-21.65,-68.64,121
-35.79,-73.30,22
-21.55,-68.46,141
-11.67,-75.78,125
-21.51,-68.41,137
-24.23,-67.39,191
5.26,-73.73,152
-31.53,-72.05,35
-31.48,-71.73,28
-9.54,-78.21,110
-29.28,-70.58,84
-31.61,-68.88,126
-20.29,-68.21,172
-31.19,-68.34,91
-27.63,-69.14,106
-29.86,-71.27,44
-33.93,-72.07,36
-32.03,-71.57,34
-34.62,-73.62,32
-22.07,-67.80,207
-27.51,-70.24,89
-32.18,-71.43,40
-24.01,-67.35,207
-22.07,-69.82,58
-4.67,-75.64,105
-32.79,-71.85,24
-21.42,-68.00,166
-24.09,-66.96,179
-35.41,-71.15,109
1.41,-85.17,10
-21.73,-68.40,119
-3.60,-79.54,67
-20.49,-69.17,114
-22.04,-68.53,114
-31.84,-69.55,168
-4.67,-75.64,105
-21.10,-68.96,110
-21.79,-68.46,123
-28.57,-71.38,41
-33.93,-72.48,39
-28.38,-71.23,28
-28.34,-71.26,38
-21.15,-68.55,130
-23.48,-69.68,76
-23.98,-67.66,221
2.34,-79.48,10
-24.21,-67.55,195
-19.75,-69.93,60
-25.84,-71.09,10
-24.17,-67.31,196
-24.22,-67.80,200
-28.74,-67.50,154
-8.35,-78.79,91
-22.34,-68.85,117
-22.20,-70.39,30
-19.37,-69.12,113
-20.45,-69.10,108
-18.01,-69.44,146
-24.27,-66.90,192
-21.09,-68.81,100
-32.53,-71.80,32
-31.30,-68.77,85
-33.00,-72.12,24
-32.33,-69.91,109
-23.34,-68.83,104
4.49,-73.47,10
-19.33,-63.91,10
-22.41,-67.74,191
-19.96,-69.30,94
-16.42,-73.44,75
-31.89,-70.77,99
-9.87,-75.16,19
-8.96,-79.39,49
-33.27,-71.70,40
-33.84,-68.40,16
-27.98,-69.34,93
-24.34,-69.31,91
-14.87,-71.91,129
-21.38,-68.88,110
-6.42,-81.45,25
-24.76,-68.03,132
-24.19,-66.90,189
-25.17,-68.99,130
-29.60,-71.27,52
-21.35,-68.94,115
-20.60,-68.99,105
-21.94,-68.43,137
-21.71,-69.00,108
-20.57,-69.03,103
-35.06,-71.12,94
-8.28,-75.87,34
-23.45,-69.25,85
-18.65,-70.34,59
-21.77,-68.77,119
-21.55,-68.41,147
-30.38,-71.96,28
-5.68,-78.82,17
-20.38,-68.85,108
-29.07,-68.55,101
-32.34,-71.73,27
1.53,-78.61,31
-30.66,-71.83,25
0.35,-78.75,52
-9.59,-75.66,127
-19.94,-70.98,10
-29.64,-71.73,54
-17.80,-69.40,22
-24.42,-68.83,117
-24.61,-68.84,132
-29.95,-71.99,44
-19.86,-70.98,40
-19.82,-70.92,30
-22.45,-68.91,96
-11.21,-76.74,126
-20.78,-70.03,47
-2.85,-75.30,174
-18.34,-71.36,43
-8.27,-75.03,101
-34.86,-73.80,10
-24.27,-67.62,235
-10.34,-75.56,13
-23.20,-69.26,86
-5.16,-81.12,41
1.56,-78.75,31
-22.60,-67.92,177
-23.53,-69.08,90
-32.94,-69.74,145
-10.13,-74.93,28
-24.30,-67.18,199
-31.67,-70.22,139
5.04,-73.04,10
-7.40,-76.21,121
-7.35,-76.85,47
-26.14,-66.98,206
-15.71,-71.91,10
-9.06,-75.04,30
-27.68,-69.16,104
-21.17,-69.07,103
-33.77,-72.56,40
-22.06,-68.70,112
-32.71,-71.78,33
-22.05,-68.65,111
-23.94,-67.33,234
-30.34,-71.50,48
-23.87,-66.76,223
-21.82,-68.56,115
-18.03,-70.02,138
5.09,-73.07,1
-31.63,-66.99,149
-30.57,-71.34,60
-22.60,-69.48,79
-35.02,-71.03,100
-24.36,-67.69,230
-22.82,-68.55,118
-22.22,-67.74,220
-12.65,-76.81,36
-21.04,-69.98,68
-29.69,-68.93,18
-21.18,-68.73,117
-23.48,-66.52,193
-28.48,-70.44,112
-34.20,-70.62,100
-27.63,-70.37,98
-24.26,-67.43,208
-19.13,-70.42,30
-23.51,-68.24,132
-33.25,-72.03,34
-9.31,-75.29,138
-22.19,-68.65,110
-20.37,-69.06,95
-21.91,-68.34,140
-22.60,-66.35,270
-35.11,-71.83,60
-23.89,-66.73,200
-30.92,-67.55,123
-34.07,-70.45,107
0.80,-77.94,5
-19.61,-69.48,103
-4.08,-80.31,52
-24.75,-70.60,36
-23.68,-68.60,109
-4.65,-78.58,57
-24.38,-67.65,116
-30.73,-71.42,48
3.85,-76.70,24
-11.04,-74.77,119
-33.32,-70.42,93
-30.07,-71.64,33
-9.92,-78.88,34
-22.16,-71.69,10
-30.78,-71.52,45
-28.70,-70.79,23
-24.09,-66.80,191
-21.55,-69.91,63
-22.60,-67.64,172
-24.12,-67.22,166
-16.92,-65.90,28
-10.24,-75.37,10
-14.57,-70.74,196
-29.01,-70.36,97
-28.74,-67.84,125
-21.46,-69.62,67
-7.72,-74.65,160
-32.97,-71.82,29
-32.89,-71.88,29
-24.11,-67.65,229
-34.77,-71.78,40
-24.58,-68.92,124
-33.79,-71.34,57
-22.31,-68.59,115
-30.68,-71.35,34
-30.72,-71.49,40
-24.41,-68.84,117
-14.89,-75.86,10
-34.76,-73.65,31
-21.51,-68.09,147
-30.32,-71.55,17
-30.29,-71.61,36
-32.36,-71.60,43
-31.72,-70.24,128
-19.03,-69.89,38
-24.12,-67.68,219
-30.80,-71.47,54
-30.32,-71.53,26
-20.48,-69.00,104
-23.96,-67.21,235
-20.14,-68.30,164
-21.63,-70.34,20
-24.09,-67.28,222
-33.03,-72.10,22
-24.13,-69.03,99
-32.22,-69.50,128
-23.72,-67.13,256
-21.14,-69.95,38
-15.65,-73.05,104
-28.52,-70.56,86
-14.44,-76.03,47
-7.34,-74.40,170
-15.64,-71.83,14
-17.41,-71.53,40
-34.02,-72.39,26
5.12,-73.02,1
-34.00,-72.45,32
-32.23,-70.55,12
-33.98,-72.39,29
-33.97,-72.51,29
-33.98,-72.39,20
-10.71,-74.31,126
-30.64,-71.90,20
-31.67,-71.98,38
-22.82,-69.67,91
-24.24,-67.38,220
-33.98,-72.39,27
-8.02,-74.57,173
-33.97,-72.43,36
-21.60,-68.48,122
-33.95,-72.43,35
-33.97,-72.37,40
-33.95,-72.42,36
-33.96,-72.40,33
-33.95,-72.45,37
-33.94,-72.39,15
-30.71,-71.44,48
-30.71,-71.54,60
-17.67,-72.96,10
-24.99,-71.54,11
-11.34,-73.68,139
-20.03,-69.21,94
-34.90,-58.48,25
-10.64,-78.66,26
-31.75,-69.91,135
-11.51,-73.28,26
-22.33,-67.42,178
-31.80,-70.81,105
-19.75,-69.27,98
-20.94,-68.89,107
-21.64,-68.52,124
-9.66,-75.87,12
-10.60,-74.06,118
-21.74,-68.55,121
-24.03,-70.49,50
-33.68,-72.18,25
-23.51,-70.27,38
-31.98,-71.63,39
-15.55,-72.64,132
-20.75,-68.90,101
-29.71,-71.30,52
-11.33,-73.19,33
-12.59,-75.44,107
-21.83,-68.65,119
-22.54,-70.64,20
-28.45,-69.34,105
-24.10,-67.09,264
-21.13,-69.09,97
-7.14,-75.95,121
-29.56,-71.44,41
-19.47,-68.98,110
-5.67,-76.96,15
-14.65,-71.57,15
-23.97,-67.21,259
-16.68,-72.59,23
-35.52,-70.96,130
-6.39,-78.79,30
-22.52,-68.60,138
-22.60,-66.28,276
-30.67,-71.73,32
-13.75,-70.45,12
-30.89,-71.65,30
-31.03,-71.32,65
-9.82,-78.92,42
-9.82,-78.92,42
-28.86,-71.42,27
-31.29,-71.73,30
-31.06,-70.36,123
-11.39,-78.07,68
-22.49,-67.81,192
-21.65,-68.74,117
-32.78,-71.83,38
-24.20,-67.29,194
-24.01,-66.97,210
-14.83,-73.94,85
-24.01,-66.90,159
-24.11,-66.89,181
-32.43,-71.74,30
-23.23,-69.12,84
-18.48,-69.39,124
-21.81,-70.39,41
-9.10,-78.92,38
-21.67,-68.55,125
-22.21,-68.74,130
-24.08,-67.44,202
-31.97,-69.46,113
-21.16,-69.06,110
-28.70,-71.44,20
-21.33,-69.77,43
-8.20,-76.26,134
-29.02,-68.71,111
-30.85,-71.73,38
-29.75,-71.29,41
-19.64,-69.35,112
-23.86,-68.15,143
-31.57,-71.44,44
-32.78,-71.59,26
-22.18,-68.65,131
-24.25,-67.11,203
-23.09,-66.76,264
-28.86,-67.35,117
-30.78,-69.62,10
-28.71,-67.50,133
-20.15,-69.17,94
-21.52,-68.45,131
-27.86,-69.17,105
-16.41,-74.21,10
-30.70,-71.69,35
-30.70,-71.71,34
-9.95,-78.92,44
-31.34,-67.60,10
-18.61,-71.24,36
-21.12,-68.55,132
-29.87,-71.38,40
-23.08,-69.49,75
-23.06,-67.11,242
-20.96,-67.97,182
-19.76,-69.27,99
-23.13,-66.85,206
-16.26,-74.60,18
-19.95,-69.21,102
-16.85,-72.29,35
-22.04,-68.84,111
-19.62,-69.30,95
-22.12,-69.09,120
-1.99,-77.82,10
-18.91,-69.73,97
-33.11,-71.05,72
-30.68,-71.66,33
-19.98,-69.17,95
-30.63,-70.30,4
-23.87,-67.44,232
-22.75,-68.98,123
-2.43,-80.55,60
-15.66,-71.71,13
-32.00,-71.64,21
-16.76,-70.60,11
-31.35,-68.85,111
-24.07,-67.01,208
-31.34,-70.82,89
-24.13,-66.97,182
-24.04,-67.18,182
-23.37,-70.05,62
-31.24,-68.83,111
-30.66,-71.72,39
-23.70,-68.79,103
-20.20,-69.22,89
-8.56,-74.41,140
-15.43,-73.00,108
-15.41,-74.07,94
-33.46,-70.37,105
-20.20,-69.25,114
-30.16,-71.23,78
-18.37,-69.67,144
-30.86,-71.46,56
-34.27,-73.33,39
-24.02,-67.31,224
-22.81,-68.69,102
-21.04,-69.02,112
-8.52,-77.57,18
-27.31,-71.42,53
-23.87,-67.00,184
-27.60,-69.18,111
-23.10,-66.58,238
-21.09,-68.49,140
-21.22,-68.72,115
-21.48,-68.41,126
-21.09,-68.93,113
-21.87,-67.58,218
-16.78,-71.72,27
-20.28,-69.09,95
-11.80,-75.09,11
-32.15,-70.06,132
-3.80,-79.49,97
-32.24,-71.78,40
-26.27,-69.21,106
-21.21,-68.80,105
-28.38,-68.61,78
-21.24,-68.68,114
-22.24,-67.48,200
-24.38,-69.43,92
-34.94,-73.80,22
-21.30,-69.86,52
-21.11,-68.76,104
-24.07,-67.04,176
-31.80,-70.16,128
-23.58,-64.09,10
-20.80,-69.03,102
-21.96,-68.56,131
-31.04,-72.41,35
-30.88,-71.61,39
-20.27,-70.44,37
-28.50,-70.24,94
-23.00,-66.43,220
-20.46,-69.06,90
-24.22,-66.95,203
-31.32,-68.60,112
-22.45,-68.59,122
-32.80,-71.76,30
-27.05,-66.88,10
-13.39,-71.83,48
-23.03,-66.36,262
-16.14,-72.33,104
-24.28,-67.37,187
-27.33,-71.42,35
-15.73,-72.00,16
-35.51,-71.23,108
-22.36,-70.25,29
-30.21,-71.27,70
-24.22,-68.82,96
-23.59,-66.80,200
-24.25,-67.42,237
-22.00,-67.67,234
-33.63,-80.77,10
-30.65,-71.77,33
-30.66,-71.70,37
-30.63,-71.70,36
-27.52,-69.54,115
-20.68,-69.13,93
-27.87,-66.76,141
-23.02,-67.03,258
-24.07,-67.52,216
-24.20,-67.37,220
-30.68,-68.89,133
-22.71,-67.74,170
-29.91,-71.89,37
-27.85,-71.16,34
-21.32,-69.99,33
-19.53,-69.23,102
-18.62,-70.52,39
-27.83,-71.27,20
-29.43,-71.17,52
-14.31,-76.08,48
-31.80,-70.47,133
-9.10,-75.21,123
-22.60,-69.99,55
-30.22,-71.38,50
-20.27,-69.23,90
-23.00,-68.96,86
-31.18,-68.35,116
-4.88,-78.73,20
-23.97,-69.56,85
-32.35,-70.59,14
-20.41,-68.78,114
-21.28,-68.90,113
-17.53,-70.44,22
-21.84,-68.60,128
-29.79,-71.48,47
-21.79,-68.56,118
-31.30,-72.46,10
-23.37,-66.60,148
-23.97,-67.22,246
-17.59,-69.77,131
-18.36,-69.64,115
-19.75,-69.46,87
-34.57,-73.67,38
-36.05,-73.77,26
5.02,-75.43,134
-20.25,-69.03,100
-20.23,-69.16,95
-24.06,-67.26,210
-24.30,-67.38,196
-24.26,-67.32,195
-18.14,-69.13,162
-17.39,-69.31,167
-32.83,-72.04,23
-20.13,-70.88,40
-30.62,-69.64,130
-22.31,-67.49,180
-23.97,-67.40,242
-24.11,-67.38,210
-21.28,-70.31,39
-30.30,-71.53,26
-28.18,-68.99,23
-24.82,-70.22,66
-24.20,-67.33,175
-22.86,-70.85,31
-15.37,-74.29,67
-31.32,-69.05,141
-20.90,-69.12,107
-22.36,-68.91,96
-31.73,-71.65,65
-34.30,-70.75,92
-20.86,-68.91,101
-23.97,-67.22,245
-31.68,-67.51,10
-24.03,-67.17,216
-33.64,-70.43,95
-22.91,-70.99,27
-23.77,-67.04,228
-23.95,-66.83,245
-20.76,-69.21,101
-21.26,-68.53,126
-31.48,-68.71,108
-2.87,-76.86,145
-24.33,-67.10,165
-24.15,-67.10,204
-27.21,-71.13,38
-25.19,-69.63,100
-32.05,-71.94,24
-18.22,-70.05,102
-31.70,-69.70,126
6.28,-77.60,11
-21.81,-68.51,130
-16.87,-69.84,182
-22.69,-68.97,100
-14.27,-73.54,99
-23.91,-67.01,250
-22.83,-71.04,10
-22.84,-70.95,15
-21.70,-69.08,94
-22.84,-70.90,18
-30.44,-71.72,35
-27.15,-71.23,20
-15.90,-74.12,48
-31.43,-68.56,100
-30.58,-71.90,20
-24.14,-69.50,88
1.09,-78.81,11
-22.35,-68.60,90
-22.22,-68.91,115
-36.31,-74.41,34
-9.18,-79.27,34
-12.57,-77.07,36
-20.39,-68.97,106
-29.30,-72.44,31
-27.65,-70.35,76
-33.62,-70.46,98
-24.25,-67.47,205
-30.75,-71.91,36
-31.07,-68.95,105
-31.52,-69.09,105
-29.00,-68.50,115
-24.71,-69.50,104
-35.15,-72.06,18
-13.60,-76.96,33
-7.44,-76.26,117
-24.20,-67.41,222
-16.22,-74.47,31
-24.20,-67.41,216
-21.15,-68.60,140
-23.08,-66.85,258
-21.12,-68.90,106
-33.09,-72.13,23
-3.70,-80.32,58
5.38,-82.74,10
-21.67,-68.44,121
-36.69,-74.37,10
-21.49,-68.50,124
-33.13,-72.02,21
-23.50,-68.66,116
-14.18,-72.95,75
-21.05,-68.94,110
-31.50,-68.73,72
-21.39,-68.61,136
-27.33,-71.33,40
-15.21,-75.31,40
-23.75,-67.21,422
-15.02,-75.88,30
-21.35,-68.45,131
-22.02,-68.70,110
-8.66,-79.40,44
-29.67,-71.37,51
-16.81,-71.38,30
-22.58,-68.67,112
-19.88,-71.05,30
-35.03,-71.14,108
-20.71,-66.62,234
-31.89,-69.36,78
-24.17,-66.89,205
-15.03,-70.80,16
-21.26,-68.80,133
-20.11,-69.14,98
-21.25,-68.85,116
-29.78,-71.36,49
-35.62,-73.07,2
-35.66,-72.97,22
-24.24,-67.56,199
-20.20,-69.11,106
-24.40,-70.22,54
-17.28,-69.94,137
-1.44,-77.74,170
-19.61,-70.33,49
-33.37,-69.95,10
-26.32,-70.75,39
-24.05,-67.07,220
-32.99,-70.29,111
-21.18,-68.57,140
-34.60,-71.84,10
-30.59,-71.52,30
-20.15,-70.53,27
-21.21,-68.73,111
-24.38,-68.38,178
-30.61,-71.65,29
-11.89,-77.72,24
-14.05,-71.97,13
5.22,-72.78,8
-22.99,-67.99,132
-23.76,-67.12,205
-30.33,-72.15,33
4.71,-76.17,89
-30.41,-72.02,24
-15.44,-72.13,152
-5.72,-78.79,11
-29.73,-71.52,57
-33.03,-71.98,20
-19.63,-71.06,22
-19.69,-71.08,32
-19.69,-71.04,26
-28.78,-67.24,123
-28.83,-70.19,105
-23.98,-66.81,246
-20.59,-69.03,100
-31.09,-68.95,109
-21.84,-68.45,133
-32.29,-69.26,112
-34.40,-73.41,10
-30.36,-71.24,63
-20.28,-69.13,100
0.61,-80.34,10
-32.63,-71.37,40
-35.04,-70.91,94
-18.59,-69.85,86
-29.95,-71.94,30
-28.39,-70.39,105
-23.96,-68.94,90
-32.64,-70.28,107
6.12,-83.79,10
-21.17,-68.36,137
-33.09,-72.22,13
-24.18,-67.69,208
-33.10,-72.06,24
-20.61,-69.17,106
-18.53,-71.16,38
-29.62,-70.67,92
-30.70,-71.66,28
-25.56,-71.03,44
-5.15,-77.04,110
-16.91,-71.80,66
-35.67,-71.34,106
-25.45,-69.08,111
-30.66,-71.69,33
-31.37,-69.14,99
-23.95,-67.32,236
-21.79,-68.39,120
-20.80,-69.09,102
-21.13,-68.99,113
-29.13,-70.59,65
-24.44,-67.06,188
-18.35,-70.44,80
-31.58,-71.45,46
-18.41,-71.50,25
-22.47,-66.11,273
-22.68,-68.49,100
-23.95,-66.65,196
-16.31,-69.64,213
-24.29,-67.08,221
-17.91,-69.94,110
-7.51,-79.97,37
-21.17,-68.60,118
-21.15,-68.54,131
-32.13,-67.38,137
-26.49,-69.31,125
-21.24,-68.83,103
-31.22,-68.63,99
-27.58,-69.33,112
-6.97,-80.09,50
-23.49,-69.84,66
-24.11,-67.08,213
-22.88,-68.87,98
-32.51,-72.71,20
-14.86,-71.70,100
-24.02,-69.51,97
-28.18,-67.32,169
-23.04,-66.54,246
-8.11,-76.62,126
-21.01,-68.78,101
4.66,-32.54,10
-10.35,-75.23,18
-3.41,-77.31,106
-9.47,-75.59,117
-27.80,-69.31,12
-24.39,-67.54,207
-24.09,-67.03,163
-30.39,-68.79,123
-21.34,-67.49,227
-23.15,-67.06,245
-23.59,-68.21,131
-17.13,-70.91,18
-10.94,-77.13,97
-19.99,-70.95,10
-22.09,-68.69,115
-32.27,-71.75,35
-32.26,-71.78,28
-37.04,-73.38,20
-11.30,-78.10,64
-15.84,-71.86,16
-31.56,-71.50,45
-21.00,-68.69,112
0.42,-79.75,60
-28.85,-69.95,124
-23.50,-68.89,94
-21.12,-68.82,134
-20.88,-69.11,102
-30.32,-67.49,10
-24.07,-66.90,180
-21.36,-68.52,119
-34.72,-71.87,44
-30.65,-71.27,43
-34.16,-72.38,24
-22.26,-68.58,111
-23.22,-68.90,94
-32.76,-71.60,38
-36.11,-73.72,25
-21.15,-68.80,112
-31.40,-71.40,45
-20.39,-69.93,55
-34.81,-71.78,43
-24.01,-66.94,200
-32.02,-71.61,34
-32.00,-71.54,35
-18.97,-69.39,135
-6.52,-81.22,22
-5.63,-81.09,33
2.40,-76.76,132
-17.99,-69.58,136
-23.22,-67.23,231
-18.59,-71.17,30
-31.53,-67.96,10
-23.22,-70.37,21
-28.68,-71.27,42
-24.04,-66.88,206
-28.99,-65.91,25
-35.31,-70.90,105
-31.26,-69.24,103
5.42,-82.60,10
-15.68,-71.82,14
-31.55,-71.68,32
-31.55,-71.68,34
-28.31,-71.34,34
-30.62,-71.76,30
-13.54,-76.28,51
-24.34,-67.26,190
-17.31,-69.98,162
-28.07,-71.04,34
-31.71,-71.92,34
-35.50,-71.19,104
-24.35,-68.25,177
-14.64,-71.57,18
-22.68,-68.39,118
-21.05,-68.77,98
-27.30,-69.50,121
-14.66,-71.60,16
-27.94,-66.71,169
-33.92,-72.48,45
-33.93,-72.12,31
-33.92,-72.10,15
-29.77,-71.57,41
-27.70,-70.80,73
-14.65,-71.55,14
-28.01,-71.28,34
-15.99,-71.87,115
-24.26,-67.48,215
-14.65,-71.58,16
-28.39,-70.64,81
-22.36,-68.88,99
-27.12,-69.41,113
-22.87,-66.39,238
-22.30,-68.65,98
-22.25,-67.48,177
-30.60,-71.24,39
-20.85,-69.08,102
-21.11,-68.89,118
-24.06,-67.46,212
-20.29,-68.80,116
-25.12,-68.98,123
-18.12,-69.42,137
-21.35,-68.91,110
-21.41,-68.89,118
-22.44,-67.58,197
-30.34,-72.36,47
-22.12,-68.60,99
-31.31,-72.28,46
-23.22,-64.75,90
-21.58,-65.65,293
-22.33,-68.71,100
-24.33,-67.06,206
-8.15,-74.54,151
-23.86,-67.35,239
-30.18,-70.28,99
-30.68,-71.31,54
-22.41,-68.70,109
-20.32,-69.26,85
-6.57,-80.71,30
-22.28,-68.65,100
-29.94,-71.98,31
-31.83,-69.65,135
-24.12,-66.78,196
-21.07,-67.29,172
-24.36,-67.27,198
-21.58,-68.48,126
-24.24,-67.35,188
-23.31,-73.82,80
-23.88,-66.78,249
-21.95,-68.77,105
-22.61,-67.55,173
-24.29,-69.23,106
-28.05,-71.27,38
-19.10,-69.59,113
-32.52,-71.76,20
-18.38,-69.29,133
-35.16,-72.56,28
-29.96,-71.76,20
-30.23,-71.51,42
-28.16,-69.36,118
-18.36,-70.98,29
-30.05,-71.71,36
-11.35,-76.71,45
-21.67,-68.27,116
-20.78,-69.05,125
-32.69,-71.80,24
-32.73,-71.74,10
-18.87,-69.72,95
-28.05,-68.97,105
-23.14,-68.58,93
-21.48,-68.85,114
-29.63,-70.68,111
-22.89,-69.51,58
-28.21,-71.12,40
-30.11,-71.25,45
-21.58,-68.39,113
-17.74,-71.26,62
-21.11,-68.76,160
-30.17,-72.11,41
-22.60,-68.98,128
-31.48,-71.67,15
-8.26,-74.33,157
-25.27,-69.14,92
-31.88,-70.43,126
-21.15,-68.53,124
-21.49,-67.26,188
-23.83,-67.09,206
-32.16,-71.68,34
-27.22,-69.64,30
-21.40,-68.80,124
-30.47,-69.93,112
-21.17,-68.60,137
-32.63,-72.00,33
-22.64,-69.19,100
-24.49,-68.10,170
-22.32,-67.77,198
-21.28,-69.07,135
-30.98,-71.31,60
-21.17,-68.86,124
-21.27,-68.75,118
-19.76,-69.56,28
-31.95,-69.73,143
-9.98,-75.43,46
-24.38,-70.04,68
-24.36,-69.99,54
-35.12,-71.19,101
-27.46,-70.87,48
-23.00,-69.03,87
-1.75,-81.02,10
-33.06,-68.97,16
-20.05,-68.22,152
-24.15,-66.81,230
-31.94,-71.42,49
-24.27,-67.55,205
-0.73,-80.63,10
-2.17,-77.35,185
-23.94,-66.89,227
-23.86,-69.02,93
-20.89,-70.45,32
-0.83,-80.21,8
-29.77,-67.93,137
-20.73,-70.72,29
-14.89,-75.81,20
-29.79,-71.61,52
-36.44,-71.05,1
-19.62,-70.31,68
-20.73,-70.84,19
-22.39,-66.10,270
-21.12,-68.54,136
-18.56,-70.67,36
-2.26,-79.90,51
-24.18,-66.97,201
-27.61,-67.64,159
-30.88,-71.44,40
-3.57,-77.76,10
-21.14,-68.95,115
-30.79,-71.26,63
-28.88,-71.43,63
-19.96,-70.02,56
-1.45,-79.30,1
-19.56,-69.44,89
-21.86,-68.70,110
-30.55,-71.21,56
-24.15,-66.88,200
-22.79,-68.48,104
-3.03,-77.65,10
-31.94,-71.40,51
-22.71,-68.79,120
-24.33,-67.03,200
-21.15,-68.47,129
-32.29,-71.78,31
-21.85,-68.88,118
-23.98,-67.17,246
-28.93,-70.52,94
-28.29,-70.58,67
-35.50,-71.60,76
-32.59,-71.85,35
-24.17,-67.47,236
-20.39,-69.98,40
-20.36,-70.02,46
-27.37,-70.84,47
-19.61,-71.02,40
-18.76,-69.87,87
-19.60,-71.02,28
-32.85,-70.91,76
-34.77,-71.70,43
-25.01,-66.83,181
-9.81,-78.53,60
-34.09,-72.32,33
-30.79,-71.36,53
-24.24,-67.26,176
-0.79,-80.93,10
1.80,-76.11,10
-35.58,-73.19,34
-32.53,-71.64,20
-32.50,-71.67,12
-3.74,-78.17,35
-22.94,-66.19,240
-32.12,-71.66,36
-19.28,-69.22,110
-16.60,-71.93,59
5.93,-73.62,133
-31.79,-72.13,29
-31.77,-72.09,45
-33.29,-68.92,10
-30.33,-69.47,23
-8.47,-74.24,165
-7.67,-74.60,146
-19.00,-69.42,105
-21.80,-68.49,104
-0.16,-80.64,10
-20.82,-69.44,90
-21.36,-70.11,65
-15.58,-70.19,219
-1.33,-78.47,6
-24.10,-67.57,215
-30.68,-71.95,33
-21.09,-67.59,195
-32.24,-71.67,34
-22.79,-70.66,24
-31.55,-71.95,10
-20.81,-69.08,102
-33.16,-70.01,20
-30.35,-71.56,27
-31.88,-71.63,45
-29.29,-71.77,40
-29.41,-70.83,59
-23.89,-67.22,234
-1.53,-80.95,5
-19.76,-69.75,51
-31.43,-71.48,36
-36.11,-71.77,82
1.24,-77.39,10
-20.13,-70.02,54
-24.34,-67.20,179
-31.19,-70.04,147
-19.04,-70.82,24
-21.40,-68.83,105
-24.15,-70.66,20
-17.90,-70.19,131
-23.74,-66.98,231
-20.84,-68.91,108
-33.03,-71.81,35
-23.30,-69.26,92
-32.98,-71.97,29
-2.24,-79.06,89
-30.60,-71.62,33
-19.02,-69.35,109
-19.42,-69.44,98
-21.93,-68.64,105
-33.88,-70.24,121
-4.20,-76.13,40
-1.41,-80.74,5
-32.89,-70.18,106
-21.21,-69.09,96
-3.40,-80.84,3
-0.78,-79.90,10
-31.80,-72.01,32
-27.84,-66.79,178
-10.63,-78.46,51
-28.88,-70.17,107
-30.53,-69.65,107
-9.74,-76.22,109
-23.98,-67.31,238
-31.80,-71.95,13
-31.67,-68.00,104
0.76,-77.82,10
-2.38,-80.88,10
2.03,-77.09,40
-20.50,-68.88,102
-23.90,-66.85,197
-31.77,-72.23,10
-2.72,-78.45,10
-2.09,-79.79,61
-34.40,-70.51,116
-21.82,-68.57,128
-33.94,-65.36,276
4.09,-77.09,10
-26.91,-64.58,10
-27.88,-69.40,111
-19.36,-69.23,122
-17.68,-73.23,31
-29.36,-71.22,32
-19.16,-68.25,200
-22.82,-70.75,10
-23.16,-68.70,113
-13.96,-76.05,38
-0.98,-81.93,230
-34.01,-72.29,24
-25.36,-69.34,96
-20.72,-69.09,114
-20.76,-69.00,113
-3.14,-77.47,96
-36.33,-70.34,195
-23.02,-63.18,22
-31.48,-69.25,109
-28.28,-70.57,93
0.92,-79.84,10
-22.59,-63.39,11
0.36,-80.19,10
-31.20,-68.42,98
-29.35,-71.32,52
-2.98,-80.66,10
-21.92,-68.54,145
-2.51,-79.36,78
-21.23,-68.67,127
-30.66,-71.67,31
-30.33,-71.75,30
-2.93,-77.93,10
-28.17,-70.84,79
-23.76,-69.26,82
0.76,-77.81,5
-31.75,-71.61,30
-24.32,-67.16,202
-2.79,-78.82,10
-29.10,-71.64,10
4.08,-69.27,10
-33.56,-70.54,104
-32.63,-71.92,15
-31.39,-71.49,80
-32.41,-71.22,54
-31.79,-70.75,108
-29.27,-71.33,58
-32.16,-71.77,34
-31.72,-71.31,69
-22.01,-68.89,105
-18.70,-70.95,28
-32.41,-71.28,50
0.73,-77.81,4
-31.85,-69.67,136
-21.52,-69.53,20
-32.01,-70.30,110
-33.48,-70.69,81
-21.99,-68.66,116
-21.88,-68.82,121
0.71,-77.80,2
-31.69,-72.05,34
-20.71,-68.97,109
-31.87,-72.14,36
-19.76,-71.00,45
-24.24,-67.02,167
-29.46,-71.42,45
-19.73,-70.95,32
-22.78,-68.50,107
-29.70,-71.33,41
-18.60,-63.83,10
-31.51,-71.70,24
-29.73,-71.30,52
-30.17,-72.66,24
-22.71,-66.93,231
-29.70,-71.30,54
-30.76,-72.07,17
-17.67,-69.85,122
5.28,-73.70,168
-1.99,-77.75,5
-29.73,-71.50,40
-31.05,-72.18,36
-24.05,-67.20,226
-21.19,-68.53,110
-23.37,-68.19,126
-9.73,-78.27,58
-23.61,-68.15,152
-30.66,-71.60,29
-32.46,-72.95,19
-1.48,-80.46,10
-18.20,-69.53,128
-11.24,-70.69,638
-23.08,-66.62,243
-21.77,-71.42,21
-33.11,-72.16,22
-21.19,-68.92,106
-1.08,-80.99,10
-22.69,-64.41,26
-23.12,-68.88,86
-0.90,-79.71,41
-31.81,-72.00,28
4.51,-76.50,109
-21.50,-68.50,133
-33.09,-72.12,14
-0.10,-78.52,7
-2.94,-77.79,12
-28.20,-66.81,183
-30.91,-71.59,42
-30.92,-71.57,38
-29.24,-72.40,28
-24.01,-68.95,95
-21.21,-68.72,123
-33.09,-72.14,20
-14.40,-66.48,16
-27.55,-70.19,91
-24.14,-66.85,200
-0.01,-80.27,5
-21.68,-68.41,116
-35.30,-73.91,23
-20.73,-68.91,102
-32.40,-71.81,24
-31.90,-71.42,70
-22.19,-70.41,56
-21.30,-68.74,130
-9.35,-76.03,59
-23.93,-67.32,230
-23.85,-67.48,213
-21.01,-68.60,132
-23.95,-66.99,210
-20.14,-70.50,40
-33.20,-72.43,24
-17.25,-69.40,159
-3.42,-77.36,82
-21.35,-68.85,128
-23.41,-69.49,80
-23.39,-68.95,103
-30.34,-71.54,22
-21.43,-68.76,113
-2.87,-75.36,141
-32.73,-71.76,29
-31.51,-68.65,115
6.23,-74.04,48
-22.12,-68.51,104
-24.14,-64.89,27
-30.71,-71.39,49
-21.25,-68.97,115
-20.32,-70.60,26
-26.72,-71.07,20
-32.67,-71.54,32
0.61,-81.00,10
-2.21,-79.74,42
-21.87,-67.25,175
-20.84,-70.54,23
-0.03,-78.43,4
-30.92,-71.69,67
-33.48,-68.15,41
-15.63,-72.02,10
-34.41,-70.96,88
-2.92,-80.02,1
-19.23,-70.20,43
-20.64,-68.92,95
-32.98,-72.11,20
-22.78,-66.42,255
-23.98,-66.93,215
-23.95,-66.65,235
-21.66,-68.60,118
-1.68,-78.10,166
-30.85,-70.90,74
-31.54,-69.84,145
-32.27,-71.75,10
-30.63,-69.05,18
-29.89,-71.34,44
-21.30,-68.86,108
-30.37,-71.59,45
-22.54,-66.15,261
-24.08,-67.50,223
-1.68,-78.31,161
-34.49,-70.50,122
-3.07,-79.13,46
-30.25,-72.42,20
-21.17,-68.90,116
-36.02,-70.34,188
-1.30,-80.57,10
-32.25,-71.67,53
-21.75,-68.47,111
-31.36,-71.80,44
-32.51,-71.74,37
-15.57,-70.24,218
-22.22,-67.31,179
-32.05,-72.12,35
-30.14,-71.59,37
-4.11,-78.21,92
-12.96,-76.98,46
-27.84,-70.86,59
6.28,-82.40,35
-23.34,-66.78,224
-2.97,-81.71,35
-27.51,-69.48,114
-27.80,-62.67,666
0.09,-80.34,10
-1.63,-80.21,10
-22.50,-66.21,275
-24.02,-67.50,213
-30.55,-71.20,54
-21.11,-68.63,102
-22.25,-67.64,200
-25.57,-69.11,115
-22.56,-66.11,254
-20.09,-69.21,84
-22.41,-65.94,262
-24.21,-67.11,211
-33.25,-72.02,34
-32.87,-71.81,23
-22.94,-68.86,98
-28.55,-66.33,43
-21.96,-68.50,105
-31.70,-69.96,119
-2.53,-78.72,57
-31.57,-67.83,10
-35.05,-71.18,99
-31.81,-70.19,124
-21.12,-68.96,113
-23.48,-68.76,110
-21.81,-67.35,180
-27.39,-69.27,113
-29.67,-71.39,46
-32.63,-69.76,119
-32.56,-72.10,55
-33.24,-72.01,21
-24.19,-67.36,219
-19.83,-69.13,94
-29.47,-71.44,48
-28.74,-71.80,10
-18.37,-70.17,77
-23.15,-68.73,99
-3.60,-77.68,10
-32.92,-72.17,20
-24.08,-67.39,209
-29.33,-71.98,30
-21.88,-68.49,113
-31.65,-66.63,154
-35.65,-71.55,87
-28.33,-67.64,149
-29.81,-71.97,34
-0.13,-80.66,15
-0.10,-80.59,10
-30.66,-70.46,94
-31.49,-71.71,23
-32.23,-71.78,34
-36.81,-72.85,44
-28.04,-71.34,25
-21.79,-68.46,113
-21.61,-68.39,129
-26.69,-71.03,48
-21.68,-68.48,114
-31.27,-71.39,44
-34.27,-71.86,37
-27.42,-69.25,112
-20.19,-68.97,88
-1.79,-77.74,185
-22.55,-66.05,276
1.15,-79.81,10
-17.40,-70.40,40
-23.29,-66.79,253
-34.59,-71.70,41
-16.10,-73.32,80
-30.54,-71.21,58
-27.45,-67.33,156
-30.69,-71.69,36
-3.92,-76.66,10
-31.60,-68.35,20
-28.32,-70.38,61
-22.56,-68.95,93
-31.74,-69.84,108
-32.04,-71.62,47
-23.37,-66.93,204
-32.65,-70.22,109
-25.82,-70.74,38
-28.83,-71.31,46
-23.31,-66.93,222
-24.23,-67.10,191
-32.75,-72.16,24
-23.23,-63.92,58
-29.80,-71.14,55
-33.62,-72.50,10
-21.71,-68.47,118
-29.87,-72.48,15
-20.16,-69.15,85
-22.76,-68.83,101
-21.34,-70.26,36
-24.23,-66.99,210
-23.52,-68.70,92
-30.56,-70.65,80
-29.26,-71.62,33
-32.18,-71.80,19
-20.42,-69.06,125
-31.20,-68.42,110
-33.92,-72.09,30
5.60,-82.45,10
-31.39,-72.10,2
-24.18,-67.24,219
-25.54,-69.66,23
-24.06,-69.50,90
-29.88,-71.18,56
-18.44,-71.11,27
-28.97,-71.42,34
-21.41,-66.79,231
-22.94,-66.21,258
-21.18,-68.70,139
-35.37,-71.29,89
-34.76,-71.70,46
-24.19,-67.32,230
-22.23,-67.75,202
-27.63,-71.70,10
-28.63,-70.31,88
-24.12,-67.47,197
-23.93,-67.62,258
-34.48,-68.66,10
-29.87,-71.60,36
-32.48,-71.97,15
-21.52,-68.29,144
-21.29,-69.77,40
-21.90,-68.37,113
-22.25,-69.21,98
-21.28,-68.13,143
-14.88,-73.66,68
-24.02,-66.76,200
-26.52,-71.10,38
-32.20,-70.07,134
-23.91,-66.84,193
-24.19,-67.51,197
-31.33,-68.84,115
-24.03,-67.27,255
-2.75,-80.04,19
-31.41,-71.58,46
-35.74,-72.95,25
-1.33,-80.48,4
6.09,-77.39,14
-21.04,-70.21,16
-21.93,-50.42,10
-23.32,-67.07,240
-34.00,-72.34,24
-28.97,-67.38,129
-31.57,-71.82,36
-1.33,-76.36,90
-30.65,-71.18,52
-31.76,-71.96,45
-24.03,-67.07,202
-2.02,-77.55,147
-21.79,-68.70,115
-31.44,-71.41,44
-4.26,-80.76,15
-34.34,-73.45,10
-31.04,-67.70,10
-23.68,-66.80,215
-22.96,-66.48,245
-27.69,-70.96,25
-24.07,-66.88,220
-15.86,-73.10,68
-31.96,-71.10,69
-24.27,-67.44,212
-29.14,-67.73,174
-22.16,-68.69,122
4.83,-76.12,110
-34.71,-71.81,43
-23.96,-66.77,225
-20.51,-68.97,98
-21.12,-68.58,134
-34.80,-71.75,42
-24.20,-67.49,216
2.69,-84.18,10
-24.01,-67.50,212
-21.93,-68.67,125
-22.32,-67.92,172
-15.57,-72.03,105
-24.33,-67.12,180
-28.06,-69.01,213
-32.99,-72.18,10
-24.84,-69.42,105
-21.70,-68.60,125
-21.31,-68.96,138
-2.53,-77.53,10
-29.88,-71.69,24
-24.24,-67.37,189
-23.04,-66.59,245
-27.96,-66.60,185
-23.82,-67.29,246
-32.11,-71.67,36
-21.39,-68.69,130
-23.12,-66.77,210
-27.58,-70.31,96
-31.84,-67.11,152
-2.32,-77.71,2
-21.13,-68.88,113
-30.81,-71.26,57
-22.83,-66.47,252
-24.26,-68.02,132
-21.40,-68.73,121
-23.68,-68.30,143
-21.60,-68.41,130
-29.27,-71.29,56
-23.93,-67.32,232
2.72,-79.66,10
-3.72,-79.85,54
-31.58,-71.53,65
-21.34,-68.49,105
-35.68,-73.72,9
-21.75,-70.28,57
-5.66,-76.57,57
2.31,-79.40,10
-30.75,-71.61,28
0.33,-79.95,5
-22.18,-68.49,105
-31.97,-70.28,132
-5.03,-77.22,35
-23.73,-67.44,200
-23.69,-64.81,19
-24.02,-67.10,216
-32.04,-71.33,48
-19.93,-69.11,99
-36.19,-71.89,85
-30.94,-71.42,60
-30.30,-72.00,45
-35.53,-73.52,32
-29.78,-69.94,124
-33.02,-72.05,28
-35.54,-73.34,10
-32.57,-71.80,20
-23.63,-67.50,210
-2.96,-78.50,89
-1.63,-78.15,179
-32.26,-71.78,32
-21.55,-68.56,129
-35.72,-73.77,14
-23.97,-66.77,200
-0.95,-79.63,7
-2.52,-77.50,149
-23.29,-68.95,97
-30.82,-71.51,55
5.38,-82.70,10
-28.76,-71.54,18
-23.24,-66.29,233
-21.16,-68.52,119
-18.55,-69.27,127
-19.82,-69.23,94
-21.81,-69.43,79
-24.27,-67.39,200
-22.01,-67.56,214
-2.24,-79.68,20
-21.88,-67.50,200
-24.07,-67.21,185
-22.67,-66.16,271
-28.66,-71.57,16
-28.22,-67.52,113
-20.98,-67.52,184
-19.51,-70.76,40
-0.55,-77.66,10
-28.38,-67.63,137
-21.77,-68.43,123
-21.26,-70.16,32
-21.09,-69.01,118
-24.25,-67.06,210
-3.43,-76.24,10
-3.64,-77.46,74
-18.15,-67.08,273
-22.42,-66.16,273
-21.10,-68.58,139
-32.13,-70.44,93
-24.59,-70.40,65
-24.56,-69.01,100
-31.59,-68.69,118
-22.34,-68.64,115
-24.17,-67.18,191
3.02,-75.95,8
-23.92,-67.23,221
-31.61,-70.26,104
-17.46,-69.86,140
-18.29,-72.57,10
-4.42,-78.71,2
3.02,-75.93,8
3.03,-75.93,8
-24.11,-67.43,202
-32.41,-67.53,149
-2.72,-79.85,48
-20.55,-69.07,106
-1.31,-80.49,2
-0.95,-79.28,75
-21.80,-68.56,110
-24.16,-67.45,213
-20.76,-69.16,109
-4.06,-80.25,35
-21.76,-68.55,132
-3.75,-79.49,51
-22.68,-66.28,267
-27.91,-66.61,182
-31.66,-72.00,37
-33.72,-71.29,55
0.99,-79.15,10
-31.63,-68.90,106
-28.62,-71.34,31
-23.00,-67.69,157
-25.68,-70.62,62
-24.29,-67.25,202
-20.50,-68.87,102
-21.93,-68.55,116
-32.15,-71.74,32
-32.04,-70.72,111
-21.11,-68.74,120
-21.64,-68.41,123
-22.71,-70.19,54
-20.73,-69.75,10
-18.46,-71.41,13
-24.31,-67.32,183
-23.02,-70.18,36
2.94,-75.62,66
-21.09,-69.01,125
-21.32,-67.14,204
-27.81,-72.39,30
-30.28,-72.01,20
2.13,-84.67,10
-24.83,-69.10,106
-3.78,-79.73,20
-36.43,-71.08,21
-21.19,-68.48,130
-31.54,-68.46,103
-36.41,-73.70,10
-20.93,-70.67,10
0.05,-79.61,10
-30.60,-71.69,33
-28.38,-67.72,123
0.63,-79.91,5
-22.61,-66.19,266
-25.12,-69.51,80
-17.73,-69.19,149
-21.06,-68.61,120
-23.96,-70.19,30
-33.38,-71.28,48
-3.35,-80.40,8
-23.92,-67.04,237
-20.84,-69.09,107
-25.81,-70.71,37
-30.01,-71.17,86
-24.59,-67.81,140
-31.69,-71.44,37
-31.68,-72.01,31
-24.30,-67.15,170
-22.43,-68.68,116
-36.72,-73.71,40
-28.02,-71.19,35
-32.24,-71.78,25
-23.24,-68.79,100
-24.29,-67.40,212
-19.91,-69.20,101
-30.04,-71.62,35
-1.36,-77.64,181
-21.24,-68.79,114
-16.26,-69.50,246
-23.87,-67.20,227
-31.41,-71.69,40
-28.79,-71.12,54
-15.11,-74.28,70
-22.54,-66.14,276
-31.50,-71.70,33
-32.32,-67.45,35
-8.30,-75.82,39
-24.24,-67.44,201
-30.56,-71.40,65
-17.22,-69.61,178
-28.90,-67.49,129
-30.40,-71.68,44
-22.02,-68.65,124
-22.77,-68.86,97
-19.46,-69.23,104
-21.91,-68.69,117
-19.05,-69.87,71
-21.59,-68.42,130
-27.78,-72.53,19
-20.84,-69.15,112
-24.14,-67.43,214
-30.66,-71.37,35
-24.12,-67.25,186
-32.85,-69.73,132
-21.07,-69.04,111
-34.05,-71.14,68
-20.89,-69.17,105
-31.64,-69.37,131
-19.92,-69.20,91
-33.01,-72.52,26
-21.17,-69.09,121
-31.17,-71.38,40
-24.37,-67.18,192
-20.25,-69.19,93
-35.41,-71.14,104
-23.92,-66.65,242
-21.50,-67.12,240
-21.16,-68.98,110
-21.68,-68.51,122
-21.18,-68.93,111
-31.61,-69.51,132
-34.04,-70.34,122
-31.31,-71.78,32
-31.94,-68.47,128
-29.69,-69.31,132
-19.64,-70.22,44
-2.90,-79.83,10
-24.19,-66.91,188
-33.15,-72.11,21
-24.17,-67.46,219
-21.75,-67.34,177
1.06,-85.25,10
-27.85,-72.20,10
-23.99,-66.86,217
-24.32,-67.60,205
-21.20,-68.62,124
-23.39,-68.68,91
-0.37,-80.41,9
-22.06,-68.50,122
-30.36,-71.69,23
-18.61,-69.81,133
-20.41,-69.08,99
-32.26,-71.76,36
-32.14,-71.78,35
-32.17,-71.84,30
-23.84,-66.86,243
-2.21,-78.74,88
-31.66,-69.29,111
-28.20,-62.92,589
-18.07,-69.39,123
-27.73,-69.35,116
-21.92,-68.69,116
-31.29,-69.68,10
-31.96,-68.43,106
-24.08,-66.83,236
-22.98,-70.59,17
-24.31,-67.35,178
-31.89,-71.74,72
-22.05,-68.97,89
-21.20,-68.53,132
-24.24,-67.20,194
-36.73,-73.80,12
-21.96,-68.55,119
-23.03,-69.08,101
-20.96,-69.01,105
-30.65,-71.62,35
-29.43,-71.67,39
-21.17,-68.50,129
-22.68,-69.05,107
-22.35,-68.61,108
-21.18,-68.84,111
3.84,-76.25,91
-21.62,-68.50,120
-20.91,-69.15,110
-33.39,-71.82,35
-30.20,-71.25,44
-21.08,-68.75,124
-28.73,-70.72,10
-19.53,-70.50,75
-28.65,-71.31,44
-0.04,-80.90,10
-22.05,-67.73,187
-28.79,-69.42,100
-21.07,-69.01,108
-21.33,-70.00,60
-30.31,-71.57,36
-24.03,-67.24,227
-27.91,-66.91,186
-21.48,-69.31,79
-16.31,-73.22,52
-21.15,-68.92,112
-9.16,-78.84,67
-30.69,-71.67,34
-30.71,-71.40,49
-23.84,-66.58,195
-20.12,-69.06,104
-30.73,-71.43,49
-34.08,-73.19,10
-24.21,-69.75,86
-28.67,-68.14,171
-23.41,-68.44,108
-21.53,-68.47,130
-18.36,-69.19,6
-31.12,-68.38,10
-21.55,-66.84,224
6.28,-82.59,10
-9.81,-75.47,49
-17.52,-72.37,60
-30.36,-71.63,36
-30.37,-71.61,35
-22.14,-67.68,206
-21.04,-68.40,138
-21.27,-69.01,113
-33.50,-68.34,10
-26.77,-71.17,26
-0.25,-80.71,8
-27.96,-66.72,179
-32.96,-69.77,113
-30.76,-71.39,27
-20.41,-69.03,102
-26.52,-70.86,61
-23.85,-66.84,228
-34.04,-70.42,2
-15.84,-73.37,95
-22.52,-66.16,264
-24.03,-67.53,210
-13.52,-72.63,10
-22.83,-68.43,118
-31.39,-67.85,10
-31.25,-68.85,107
-0.36,-78.89,5
-36.86,-73.50,18
-4.13,-79.67,65
-14.67,-75.35,63
-21.27,-68.85,100
-36.89,-73.50,18
-21.43,-67.51,230
-34.62,-73.93,27
-29.56,-71.36,50
-2.01,-79.64,98
-30.06,-71.51,46
-31.45,-69.76,100
-21.27,-68.80,119
-20.04,-69.05,90
-21.04,-69.08,99
-22.54,-68.69,115
-21.61,-68.48,121
-17.99,-69.46,150
-12.70,-73.88,77
-19.96,-71.11,10
-31.29,-68.49,104
-21.81,-68.45,114
-33.69,-71.99,33
-19.87,-69.48,122
-22.97,-70.20,36
-20.19,-70.95,10
-21.89,-68.37,114
-24.22,-67.46,200
-33.12,-70.89,75
-18.19,-69.61,124
-25.70,-70.69,37
-22.23,-68.96,106
-21.44,-68.49,122
-21.15,-68.52,135
1.25,-77.31,5
-20.80,-69.07,104
-22.55,-66.18,276
-20.18,-69.19,92
-34.69,-71.81,38
-8.41,-74.37,162
-23.63,-66.53,373
-30.10,-71.56,38
1.11,-77.27,10
-21.66,-68.62,123
-23.58,-66.82,194
-18.42,-71.36,22
-23.20,-66.82,234
-26.23,-69.52,55
-3.42,-79.48,61
-1.88,-80.56,10
-24.21,-67.18,188
-20.84,-69.14,118
-31.30,-68.29,108
-29.18,-72.50,42
-36.95,-73.06,65
-15.99,-73.45,60
-21.37,-68.79,146
-32.52,-71.91,20
-27.53,-71.06,48
-32.51,-71.92,35
-29.07,-72.75,10
5.05,-82.52,10
-31.63,-68.85,111
-2.98,-81.65,1
-22.96,-66.81,258
-21.30,-68.93,140
-34.35,-73.47,22
-1.57,-80.86,10
-31.63,-69.51,139
-0.68,-77.44,10
-27.37,-71.46,35
-24.15,-67.06,158
-16.51,-69.22,216
-31.46,-70.52,101
-20.14,-70.71,19
-18.41,-71.30,28
-0.92,-80.68,10
-20.85,-69.19,112
-0.73,-79.60,51
-30.39,-72.25,30
-4.38,-75.54,10
-24.66,-70.73,24
-20.85,-69.08,106
-20.16,-70.86,24
-21.11,-69.01,115
-34.26,-70.56,103
0.84,-80.56,5
-21.34,-68.11,152
-19.71,-68.74,126
-22.16,-71.90,22
-21.50,-68.47,120
-18.47,-71.06,37
-19.16,-69.53,115
-21.85,-69.46,39
-27.88,-71.15,35
-23.52,-67.11,242
-24.34,-69.49,80
-28.66,-71.21,46
-21.98,-68.65,124
-32.76,-72.16,22
-23.79,-70.75,17
-21.57,-68.44,130
-30.59,-71.17,54
-24.13,-66.85,219
-32.40,-70.58,10
-21.54,-68.43,134
-2.62,-76.72,118
-21.67,-68.42,106
-19.90,-69.42,94
-22.02,-68.74,93
-21.47,-69.69,20
-24.11,-67.42,215
-1.26,-77.81,7
-26.88,-66.98,17
-3.05,-77.91,10
-3.02,-77.98,4
-30.72,-71.34,51
-24.47,-67.06,162
-20.22,-70.88,31
-8.97,-75.00,33
-23.52,-69.25,133
-27.52,-69.48,114
-24.62,-65.77,64
-20.18,-70.87,23
-20.21,-70.88,20
-34.21,-72.21,24
-34.18,-72.27,20
-31.28,-68.73,120
-21.96,-68.64,103
-34.18,-72.23,20
-15.74,-73.01,71
-0.15,-78.43,22
-21.35,-68.88,127
-20.18,-70.91,26
-20.26,-70.84,15
-20.22,-70.87,23
-20.21,-70.89,32
-20.18,-70.90,31
-32.21,-71.56,27
-32.21,-71.62,30
-31.53,-67.27,120
-24.03,-66.90,210
-2.34,-80.69,1
-22.10,-68.72,141
-21.51,-68.44,137
-30.67,-71.83,29
-3.54,-76.54,10
-34.96,-71.65,49
-28.93,-68.20,21
-24.16,-67.08,210
-25.22,-69.09,124
-21.76,-68.47,126
-20.98,-68.91,113
-24.08,-66.92,231
-27.36,-69.48,107
-30.66,-71.70,26
-24.40,-65.50,121
-32.14,-71.26,80
-2.69,-79.74,10
-31.43,-67.97,10
-22.79,-68.56,103
-31.26,-68.55,93
-24.11,-67.24,203
-20.63,-68.88,105
-23.77,-68.11,127
-4.66,-76.43,182
-22.84,-69.06,93
-24.62,-64.47,364
-21.44,-66.94,248
-21.33,-68.77,105
5.27,-82.76,35
-23.70,-65.71,466
-23.88,-66.97,229
-24.05,-67.71,187
1.28,-77.49,10
-27.97,-64.30,27
-24.14,-66.84,223
-20.22,-68.99,104
-31.26,-68.56,98
-22.08,-68.51,105
-18.26,-69.30,140
-32.45,-71.91,15
-19.66,-69.49,85
-19.72,-69.25,110
-23.05,-69.07,87
-21.20,-69.48,54
-23.40,-67.13,220
-2.11,-79.62,68
-20.27,-69.19,86
-34.35,-70.56,104
-31.44,-71.44,41
-35.17,-71.27,88
-28.04,-70.57,76
-17.62,-69.61,152
-24.23,-67.46,203
-21.50,-68.32,147
-28.86,-66.60,20
-21.23,-68.74,120
1.66,-78.73,35
-29.34,-66.49,10
-20.93,-67.96,200
0.30,-80.74,10
-30.92,-72.48,21
-21.22,-69.05,104
-17.98,-71.45,4
-24.81,-65.51,174
0.33,-80.83,18
0.66,-81.14,6
-22.88,-66.76,231
-23.98,-67.39,234
0.22,-80.67,10
0.09,-80.37,10
-22.89,-69.12,101
-24.11,-64.85,12
0.40,-81.31,10
-12.32,-71.65,10
-12.30,-71.68,30
-33.35,-69.06,10
-20.73,-69.27,100
-21.63,-68.32,100
-22.02,-68.95,110
-21.52,-68.46,129
-24.04,-66.68,224
-28.82,-71.35,46
-31.13,-68.54,10
-29.69,-71.99,30
-22.54,-68.69,130
-23.99,-69.22,80
0.58,-78.67,3
0.61,-78.47,10
-2.77,-77.83,10
-11.06,-77.85,59
-31.97,-71.15,65
-30.28,-66.33,8
-21.34,-68.60,110
-22.50,-66.53,299
-19.43,-69.20,113
-22.38,-67.81,168
-19.84,-69.26,93
-31.84,-70.35,127
-22.14,-68.62,96
-31.72,-67.85,10
-27.92,-71.17,48
-30.23,-71.64,20
-30.46,-72.08,33
-23.50,-65.79,305
-24.06,-66.91,208
-3.81,-79.70,34
-29.73,-68.49,100
-21.26,-68.56,126
-30.46,-72.20,36
-31.21,-69.04,149
-21.11,-68.52,130
0.57,-80.07,7
-21.40,-68.42,130
-16.98,-70.54,117
-0.82,-80.91,10
-24.27,-67.38,204
-30.49,-72.04,21
-31.46,-69.60,148
-22.26,-68.70,102
-33.76,-70.37,108
-20.84,-68.97,108
-21.28,-68.70,123
-30.68,-71.59,33
-21.98,-68.54,118
-25.45,-70.81,30
-21.09,-68.89,113
-24.70,-70.18,71
-21.70,-67.37,193
-32.21,-71.36,34
-21.84,-68.47,124
-26.15,-69.33,108
-21.08,-70.44,36
-35.41,-72.40,40
-21.17,-68.71,122
-23.31,-70.44,40
-21.97,-67.50,208
-23.96,-66.88,223
-21.30,-68.39,123
-31.19,-70.63,106
-0.78,-81.07,4
-30.54,-68.06,96
-24.18,-66.91,226
-28.58,-62.71,619
-28.42,-71.02,64
-16.03,-74.32,31
-24.03,-67.55,184
-31.00,-71.73,30
-31.20,-68.87,113
-27.59,-71.31,8
-2.04,-78.91,3
-17.90,-69.35,149
-29.64,-72.03,20
-31.84,-70.23,158
-22.66,-66.18,273
-12.16,-76.37,84
-0.84,-81.10,10
-24.15,-66.86,217
-31.10,-68.38,121
-26.64,-64.31,53
-23.78,-67.61,263
-11.96,-73.54,24
-32.98,-70.00,57
-21.41,-68.80,108
-10.25,-74.62,13
-8.01,-74.40,156
-31.78,-69.15,121
-6.11,-80.69,25
-20.37,-69.12,100
-24.34,-67.98,115
-21.69,-68.40,125
-21.38,-68.44,122
-24.06,-67.00,216
-19.02,-69.68,87
-34.53,-70.49,126
-32.02,-71.71,32
-29.57,-71.23,48
-30.36,-71.32,55
-30.36,-71.30,51
-30.36,-71.31,53
-9.94,-75.67,10
-22.96,-67.02,235
-20.98,-68.95,111
-21.07,-68.80,104
-11.20,-74.31,39
-23.32,-66.63,242
-22.93,-68.86,97
-24.18,-67.35,221
0.09,-83.29,10
-21.28,-69.69,79
-13.59,-76.31,45
-23.22,-68.11,121
-34.87,-73.87,19
-23.30,-68.74,115
-31.23,-68.43,107
-28.06,-71.16,32
-11.88,-77.39,59
-30.52,-72.20,11
-20.96,-67.70,195
-30.85,-65.27,184
-18.34,-69.91,100
-29.52,-71.91,40
-21.63,-68.41,126
-20.78,-69.17,112
-24.74,-69.58,82
-29.68,-71.89,20
-1.71,-78.10,155
-21.14,-67.72,183
-24.09,-67.42,195
-37.12,-74.93,20
-22.04,-70.17,69
-3.40,-76.77,79
-34.03,-71.10,70
-24.10,-66.83,225
-31.48,-71.75,20
-32.76,-71.86,24
-22.48,-67.87,174
-32.77,-71.81,29
-32.76,-71.94,20
-22.05,-68.60,112
-29.93,-71.63,40
-16.08,-72.07,100
-27.59,-69.22,107
-23.92,-67.33,206
-21.76,-68.49,112
-23.46,-68.07,307
-34.98,-72.90,25
-24.10,-67.27,236
-21.82,-67.31,209
-24.19,-67.10,190
-19.43,-70.34,28
-24.20,-66.92,174
-19.43,-70.33,21
-21.76,-68.44,152
-27.45,-67.24,120
-24.23,-67.20,201
-22.49,-68.67,96
-21.48,-68.67,134
-22.63,-66.18,259
-4.17,-77.67,149
-15.90,-74.25,45
-31.30,-71.43,61
-31.73,-69.85,122
-30.01,-71.23,60
-31.35,-68.91,114
-31.46,-69.22,118
-23.05,-66.75,224
-2.88,-77.19,1
-21.70,-68.37,115
-34.58,-70.68,107
-1.05,-78.81,10
-32.89,-72.21,15
-32.92,-72.25,13
-19.18,-70.38,18
-13.00,-76.15,95
-8.07,-79.44,56
-23.57,-66.99,225
-19.64,-69.07,109
-16.12,-74.46,10
-18.25,-69.70,118
-24.23,-67.21,206
-23.11,-67.86,170
-19.91,-69.09,98
-17.85,-67.03,307
-21.72,-68.50,132
0.39,-79.88,5
-21.82,-68.11,136
-32.54,-70.10,111
-21.75,-68.52,129
-19.23,-69.32,106
-20.67,-69.77,46
-2.48,-79.87,10
-34.33,-72.21,38
-34.28,-72.26,27
-21.11,-68.99,105
-1.07,-79.11,10
-20.80,-69.12,94
-26.96,-71.22,36
-21.02,-68.88,113
-19.14,-69.63,85
-17.99,-69.35,130
-20.45,-66.63,310
-18.85,-69.85,106
-23.98,-67.50,186
-21.97,-68.68,98
-19.55,-69.91,65
-2.46,-80.13,16
-29.78,-71.37,40
-20.39,-68.89,118
-30.86,-71.34,47
-4.07,-83.87,291
-30.21,-72.11,28
-21.86,-68.64,117
-20.72,-69.45,73
-22.41,-68.58,116
-19.87,-70.90,35
-20.78,-63.02,570
-28.43,-70.58,51
-31.10,-68.03,101
-26.31,-67.95,52
-27.83,-67.70,160
-8.93,-74.47,182
-20.84,-69.17,109
-32.23,-70.47,113
-31.67,-68.78,118
-8.92,-79.28,51
-30.38,-71.62,33
-24.35,-69.58,86
-23.92,-66.88,234
-20.14,-69.17,95
-28.18,-67.27,158
3.31,-74.10,47
-18.67,-70.83,22
-2.92,-79.65,1
-2.94,-76.70,10
1.87,-75.81,38
-21.13,-67.65,224
-24.36,-67.44,217
-23.56,-64.23,92
-17.01,-74.50,10
-22.99,-68.18,124
-24.21,-67.38,197
-22.19,-67.68,225
-36.34,-71.15,127
-23.92,-67.35,244
-24.19,-67.05,218
-22.08,-68.70,129
-23.49,-67.85,139
-31.51,-70.69,121
-30.75,-71.39,41
-4.99,-80.44,303
-33.12,-72.10,36
-30.75,-71.38,44
-21.04,-68.58,131
1.25,-76.44,10
-32.99,-72.02,24
-20.87,-69.15,107
5.41,-76.14,120
-20.33,-69.41,97
-33.19,-68.75,6
-23.19,-66.79,213
-24.43,-69.13,98
-3.91,-80.61,6
-32.98,-72.05,23
-20.15,-69.20,88
-24.84,-69.10,108
-30.67,-71.62,28
-22.22,-68.66,114
-25.54,-69.44,10
-25.59,-69.29,10
-33.13,-70.98,78
-33.06,-72.07,12
-31.97,-67.23,144
-22.02,-68.64,115
-20.00,-69.20,98
-35.16,-70.97,106
-29.15,-69.75,123
-31.20,-70.29,13
-35.20,-71.01,108
-23.99,-66.89,222
-20.86,-69.05,96
-28.17,-71.44,20
0.86,-83.38,20
-24.32,-66.93,166
-21.78,-68.43,116
-20.67,-69.12,92
-18.47,-69.07,3
-21.89,-68.35,114
-24.06,-67.25,221
-21.58,-68.44,129
-21.37,-69.78,46
-7.03,-74.32,158
-3.26,-79.96,1
-31.82,-69.21,116
-30.62,-71.17,57
-0.64,-79.88,10
-23.94,-64.52,8
-21.63,-68.39,122
-19.25,-70.16,53
-21.87,-68.38,122
-32.50,-71.56,67
-21.86,-69.37,80
-2.23,-80.54,10
-20.69,-68.66,123
-20.47,-69.02,103
-31.94,-71.16,45
5.30,-75.92,10
-19.87,-69.17,98
-22.65,-66.62,293
-23.97,-67.21,234
-26.94,-70.16,97
-4.01,-80.90,20
-21.84,-68.45,132
-4.11,-77.68,20
-24.06,-66.94,225
-30.62,-71.52,32
-14.34,-74.22,80
-0.15,-80.83,10
-21.10,-68.49,131
-0.28,-80.33,40
-28.44,-71.36,43
-21.54,-68.42,132
-29.87,-72.01,10
-22.45,-68.61,112
-31.16,-68.09,7
-31.69,-71.94,32
-24.09,-67.62,222
-27.91,-71.35,34
-0.18,-80.66,3
-0.12,-80.77,3
0.72,-79.73,5
-33.40,-69.33,118
-24.10,-66.90,199
-23.94,-66.95,217
-21.02,-67.76,196
-23.75,-67.30,249
-28.95,-71.40,43
-24.44,-67.22,197
-33.90,-70.34,114
-31.54,-69.68,124
-31.57,-71.78,31
-22.79,-67.97,185
-22.61,-67.70,174
-23.37,-67.00,224
-8.93,-74.43,158
-27.24,-69.26,112
-27.31,-69.10,100
-22.09,-68.62,125
-22.81,-66.85,238
-19.96,-69.18,98
-17.96,-69.74,120
-36.30,-73.03,23
-20.87,-69.07,108
4.67,-82.30,30
-1.87,-77.39,4
-18.12,-70.92,42
-23.87,-67.20,240
-29.10,-68.54,106
-24.23,-67.60,222
-32.75,-71.11,58
-27.71,-70.63,80
-21.11,-69.03,100
-27.55,-69.84,94
-27.22,-64.54,10
-20.17,-69.40,85
-28.42,-69.15,135
-32.85,-69.18,10
-20.83,-68.97,106
-32.30,-65.00,10
-32.56,-71.63,64
-28.64,-68.70,106
-19.65,-69.27,102
-1.30,-77.56,197
-32.95,-71.28,65
-21.15,-70.36,45
-2.39,-79.78,10
-21.13,-68.87,113
-34.35,-71.87,46
-34.64,-68.26,12
-22.49,-65.99,243
-32.11,-71.71,27
-21.47,-68.60,96
-17.49,-69.63,171
-24.06,-67.40,213
-34.09,-70.35,102
-33.67,-70.24,113
-1.08,-81.36,10
-21.06,-68.97,113
-17.58,-69.68,151
-21.40,-68.74,107
-29.85,-71.66,32
-20.64,-70.13,30
-29.87,-71.63,24
-29.79,-71.66,20
-33.03,-71.70,37
-3.15,-81.31,10
-2.01,-79.25,10
-2.19,-77.97,162
-20.88,-68.96,105
-28.97,-70.09,107
-22.24,-68.70,110
-23.16,-66.86,252
-16.89,-72.06,95
-26.58,-66.03,10
-23.02,-68.99,98
-7.95,-74.46,150
-31.70,-68.05,10
-36.29,-73.75,20
-30.88,-71.72,32
0.70,-83.69,10
-28.38,-70.22,100
-31.76,-71.75,40
-31.50,-67.58,46
-32.75,-70.81,85
-30.71,-71.66,33
-21.66,-68.38,133
-21.03,-68.96,111
-7.21,-74.45,172
-35.58,-72.86,15
-27.65,-48.82,10
-26.58,-71.06,31
-18.27,-69.52,136
-20.63,-71.08,31
-23.93,-66.59,200
-31.68,-67.37,8
-2.98,-80.79,10
-21.44,-69.78,50
-33.56,-70.11,120
-23.99,-67.32,240
-19.17,-67.50,247
-29.28,-65.13,44
-20.95,-70.44,52
-36.05,-71.47,113
-26.59,-71.18,40
-26.49,-71.43,19
-33.24,-72.18,24
-20.73,-68.88,101
-19.67,-69.40,108
-19.96,-70.33,45
-20.71,-68.90,102
-21.18,-68.68,117
-30.67,-71.62,26
-32.52,-70.82,79
-26.51,-71.42,36
-27.15,-71.92,2
-2.86,-79.84,10
-19.15,-70.78,28
-21.82,-68.39,116
-30.44,-71.34,24
-30.64,-71.91,30
-30.35,-67.36,45
-21.12,-68.78,162
-33.26,-71.40,55
-1.95,-82.58,10
-32.18,-71.88,27
-24.02,-70.33,67
-1.57,-79.24,10
-1.26,-80.46,2
-22.57,-68.94,91
-26.57,-71.31,26
-21.95,-69.85,53
-25.14,-70.45,80
-24.22,-67.18,211
-22.92,-66.51,242
-24.02,-67.34,233
-28.36,-70.72,61
-24.13,-66.96,217
-21.55,-68.39,129
-15.88,-74.39,52
-22.59,-68.12,142
-24.13,-67.51,212
-22.32,-68.62,106
0.76,-79.34,10
-24.04,-66.80,213
-22.43,-69.00,90
-1.09,-79.82,10
-31.54,-71.46,85
-31.70,-69.20,79
-21.24,-66.50,255
-31.64,-68.08,700
-15.33,-72.04,98
-23.02,-68.05,134
-24.32,-68.11,139
-14.09,-72.88,52
-22.39,-68.90,109
-19.77,-69.23,104
-24.65,-69.25,91
-23.07,-68.92,89
-21.86,-68.38,116
-23.14,-66.70,232
-10.88,-78.41,60
-21.86,-68.47,116
-33.60,-70.91,78
-24.01,-67.37,244
-24.00,-67.48,223
-20.85,-68.90,107
-2.33,-79.22,76
-21.50,-66.81,257
-22.82,-66.31,270
-34.47,-72.54,39
-24.08,-66.96,225
-15.78,-72.25,100
-31.45,-71.87,24
-30.62,-71.60,32
-15.24,-75.74,35
-34.81,-71.81,40
-30.65,-71.67,36
-22.41,-68.82,112
-15.21,-75.57,10
-30.84,-72.03,10
-25.57,-70.87,31
-29.83,-66.39,59
-28.11,-70.72,93
-17.09,-69.72,204
-21.80,-68.48,109
-31.83,-69.26,131
-30.55,-72.10,20
-1.01,-80.60,7
-20.01,-68.87,114
-33.15,-71.78,30
-24.03,-68.02,148
-31.68,-70.09,148
-1.14,-78.31,5
-23.23,-69.17,80
-23.98,-66.87,200
-20.89,-68.94,105
-31.65,-69.77,155
-31.63,-71.85,36
-28.79,-67.88,47
-26.54,-71.39,10
6.05,-82.43,10
-26.54,-71.19,33
2.74,-84.37,20
2.77,-84.26,10
2.72,-84.36,10
-20.70,-67.92,172
0.80,-77.95,6
-23.36,-68.81,111
-23.53,-69.03,86
-22.14,-68.73,95
-26.91,-70.86,34
-30.67,-71.61,31
-0.16,-78.52,10
-31.51,-71.76,34
-20.87,-69.09,109
-20.80,-63.85,580
-31.64,-71.70,40
-23.64,-69.05,93
-20.69,-63.02,560
-16.96,-71.78,81
-20.62,-63.29,568
-20.66,-63.23,569
-30.29,-71.53,40
-0.38,-80.83,10
-30.68,-71.61,33
-30.69,-71.38,48
-22.84,-69.02,79
-31.44,-67.75,10
-30.81,-71.33,45
-21.24,-67.45,178
-25.81,-69.52,121
-22.62,-69.00,101
4.25,-76.35,98
-30.67,-71.61,33
-34.73,-71.81,39
-31.75,-71.91,30
-23.24,-66.91,223
-30.17,-71.98,10
-31.30,-68.45,90
4.92,-82.35,2
-23.94,-67.21,235
-1.84,-79.67,10
-8.35,-79.99,35
-0.25,-79.10,6
-33.32,-65.34,5
-20.65,-68.90,105
-30.61,-71.63,30
-23.47,-66.71,226
-23.40,-67.19,225
-24.06,-66.92,230
-24.11,-67.46,201
-23.72,-67.13,242
-31.50,-71.42,83
1.92,-79.84,4
-21.17,-68.82,118
-30.41,-71.95,23
-24.15,-67.16,223
-23.07,-70.33,46
-20.49,-68.89,102
0.62,-79.11,5
-21.25,-68.70,120
-1.52,-81.10,10
-25.81,-70.44,68
1.48,-81.31,10
-22.57,-67.99,143
-22.99,-66.59,207
-24.30,-66.91,174
-29.17,-69.75,110
-21.52,-70.01,78
-0.52,-78.15,5
-31.41,-68.62,108
-29.90,-71.39,47
-19.55,-69.39,95
-24.18,-67.56,190
0.70,-77.90,3
-18.94,-69.40,109
-21.21,-67.40,216
-23.99,-67.22,225
-1.06,-79.44,49
-22.49,-70.37,37
-32.11,-70.32,119
-24.72,-69.41,84
-33.79,-70.67,91
-31.78,-70.02,89
-2.11,-80.82,10
-31.32,-70.41,106
-22.74,-66.66,280
-34.59,-73.01,23
0.71,-77.90,4
-34.59,-72.98,30
-29.51,-71.74,43
-21.20,-68.73,112
-2.90,-79.77,10
-22.46,-68.43,118
-24.20,-67.44,206
-20.77,-69.11,102
-24.45,-69.12,112
-20.16,-69.15,95
-18.44,-71.04,30
-32.36,-71.74,29
-23.03,-68.36,118
-0.46,-80.23,74
-23.47,-68.41,138
-28.60,-72.14,35
-21.29,-68.80,114
-25.71,-68.84,111
-31.30,-71.05,64
-27.89,-71.10,31
-5.00,-77.54,10
-20.37,-66.89,259
-19.49,-70.09,82
-2.05,-78.46,10
-33.41,-68.96,10
-2.48,-79.59,38
-21.53,-67.56,184
-4.83,-76.91,2
-21.60,-68.45,126
-19.29,-70.21,31
-2.14,-80.00,10
-32.06,-67.90,10
0.72,-77.88,5
-1.80,-79.26,64
-34.51,-71.74,39
-21.33,-69.82,53
-21.43,-68.54,109
-1.91,-79.98,10
-31.87,-69.06,7
-20.63,-68.88,104
-0.35,-81.29,6
-1.32,-79.50,10
-35.02,-71.11,98
0.74,-77.91,5
-1.05,-80.09,10
-30.27,-69.48,37
-1.59,-80.91,2
-32.76,-71.39,43
-2.52,-79.97,29
-0.35,-83.68,246
-31.79,-70.23,113
-20.65,-69.11,109
-21.89,-68.65,117
-21.43,-67.46,221
4.74,-76.19,82
-22.88,-63.90,246
-22.55,-67.97,154
-24.05,-66.89,244
-23.93,-67.17,235
4.53,-76.46,46
-23.97,-66.56,200
-0.58,-80.87,287
-34.99,-70.27,19
-20.23,-69.14,93
-32.31,-70.65,84
-23.86,-67.12,245
-31.76,-71.66,27
-27.54,-69.85,92
-18.55,-69.62,114
-30.49,-71.57,22
-23.34,-68.69,104
-32.60,-71.70,30
3.94,-74.83,11
-22.27,-69.14,81
-20.06,-69.33,110
-28.43,-71.35,20
-34.76,-71.75,42
-21.56,-69.57,17
-28.82,-71.49,30
-18.62,-69.52,126
-34.56,-71.94,26
-30.49,-71.27,54
2.44,-75.54,18
-18.73,-68.86,121
